timestamp;time_ms_chords;time_ms_improvisor;info_chords;info_improvisor;size_bytes_chords;size_bytes_improvisor;size_bytes_sent_to_client
2026-02-10T11:03:54.457Z;467;1762;Fmin|BA|2;John Coltrane|251|3408;248;3441;3719
2026-02-10T11:03:56.081Z;419;1195;Ab|AABA|2;John Coltrane|182|3088;256;3121;3407
2026-02-10T11:03:57.651Z;404;1160;G|ABC|3;John Coltrane|190|3632;316;3665;4011
2026-02-10T11:03:59.450Z;473;1316;Db|AABA|2;John Coltrane|245|2532;218;2565;2813
2026-02-10T11:04:01.316Z;500;1360;F|AB|2;John Coltrane|237|2580;206;2613;2849
2026-02-10T11:04:03.243Z;515;1406;Eb|ABCA|3;John Coltrane|90|4288;317;4321;4668
2026-02-10T11:04:05.091Z;501;1338;Eb|AA|1;John Coltrane|180|2016;148;2049;2227
2026-02-10T11:04:07.102Z;556;1450;Bb|AABA|2;John Coltrane|127|5040;283;5073;5386
2026-02-10T11:04:09.065Z;529;1427;F|ABAC|3;John Coltrane|214|2920;267;2953;3250
2026-02-10T11:04:11.043Z;535;1434;C|AB|2;John Coltrane|170|4176;235;4209;4474
2026-02-10T11:04:13.063Z;550;1462;Bb|A|1;John Coltrane|181|2932;180;2965;3175
2026-02-10T11:04:15.141Z;557;1515;Eb|AABA|2;John Coltrane|246|3660;269;3693;3992
2026-02-10T11:04:16.819Z;452;1218;G|AAAB|2;John Coltrane|261|3092;261;3125;3416
2026-02-10T11:04:18.463Z;437;1202;Eb|AA|1;John Coltrane|120|1668;118;1701;1849
2026-02-10T11:04:20.061Z;434;1158;G|AABA|2;John Coltrane|218|2404;228;2437;2695
2026-02-10T11:04:21.810Z;455;1288;Cmin|ABAD|3;John Coltrane|277|4248;382;4281;4693
2026-02-10T11:04:23.430Z;414;1198;G|ABCA|3;John Coltrane|276|4944;375;4977;5382
2026-02-10T11:04:25.026Z;417;1173;Eb|BACA|3;John Coltrane|120|6576;327;6609;6966
2026-02-10T11:04:26.647Z;414;1201;Fmin|AA|1;John Coltrane|109|1768;144;1801;1975
2026-02-10T11:04:28.089Z;391;1047;C|AA|1;John Coltrane|136|1596;128;1629;1787
2026-02-10T11:04:29.920Z;463;1361;Bb|AABA|2;John Coltrane|289|2804;223;2837;3090
2026-02-10T11:04:32.120Z;529;1665;Dmin|AABA|2;John Coltrane|281|2620;212;2653;2895
2026-02-10T11:04:34.075Z;568;1382;Bb|ABAC|3;John Coltrane|244|2884;267;2917;3214
2026-02-10T11:04:36.178Z;494;1601;Eb|A|1;John Coltrane|278|1144;134;1177;1341
2026-02-10T11:04:38.108Z;489;1436;Bb|AABA|2;John Coltrane|176|3856;278;3889;4197
2026-02-10T11:04:39.959Z;507;1336;Bb|AAB|2;John Coltrane|136|3772;244;3805;4079
2026-02-10T11:04:41.885Z;488;1431;Bb|ABAC|3;John Coltrane|160|5952;381;5985;6396
2026-02-10T11:04:43.796Z;486;1419;Eb|AAB|2;John Coltrane|91|4172;241;4205;4476
2026-02-10T11:04:45.632Z;496;1335;Dmin|AB|2;John Coltrane|266|3032;225;3065;3320
2026-02-10T11:04:47.470Z;473;1358;F|ABB|2;John Coltrane|232|2720;250;2753;3033
2026-02-10T11:04:49.389Z;484;1429;Eb|AB|2;John Coltrane|246|2668;262;2701;2993
2026-02-10T11:04:51.278Z;539;1344;Ab|BBAA|2;John Coltrane|292|2852;253;2885;3168
2026-02-10T11:04:53.142Z;501;1356;G|AA|1;John Coltrane|225|888;135;921;1086
2026-02-10T11:04:54.967Z;504;1312;C|ABAC|3;John Coltrane|225|3144;307;3177;3514
2026-02-10T11:04:56.781Z;490;1318;G|A|1;John Coltrane|113|1956;157;1989;2176
2026-02-10T11:04:59.619Z;486;1326;Eb|iiA|2;John Coltrane|232|1860;177;1893;2100
2026-02-10T11:05:01.468Z;514;1328;G|AABA|2;John Coltrane|193|3680;253;3713;3996
2026-02-10T11:05:03.449Z;567;1407;Ab|ABAC|3;John Coltrane|207|4336;333;4369;4732
2026-02-10T11:05:05.213Z;507;1249;G|ABA|2;John Coltrane|101|2848;209;2881;3120
2026-02-10T11:05:07.084Z;500;1363;Eb|ABCDAA|4;John Coltrane|234|5952;448;5985;6463
2026-02-10T11:05:08.927Z;493;1344;F|AABA|2;John Coltrane|173|4016;239;4049;4318
2026-02-10T11:05:10.714Z;469;1311;Eb|AAA|1;John Coltrane|158|1460;123;1493;1646
2026-02-10T11:05:12.685Z;506;1460;Gmin|AABA|2;John Coltrane|249|6900;415;6933;7378
2026-02-10T11:05:14.508Z;502;1315;C|AABA|2;John Coltrane|162|2496;183;2529;2742
2026-02-10T11:05:16.033Z;392;1126;Bb|AA|1;John Coltrane|155|920;96;953;1079
2026-02-10T11:05:17.507Z;383;1086;C|AABA|2;John Coltrane|261|3272;257;3305;3592
2026-02-10T11:05:18.937Z;392;1033;D|AA|1;John Coltrane|209|1644;153;1677;1860
2026-02-10T11:05:20.469Z;387;1141;F|AABA|2;John Coltrane|209|2812;256;2845;3131
2026-02-10T11:05:21.936Z;394;1066;Eb|AABA|2;John Coltrane|167|3600;249;3633;3912
2026-02-10T11:05:23.405Z;394;1071;Dmin|iiA|2;John Coltrane|246|3084;218;3117;3365
2026-02-10T11:05:25.341Z;409;1125;C|ABBAAAAA|2;John Coltrane|137|3896;215;3929;4174
2026-02-10T11:05:26.829Z;394;1089;C|AAAA|1;John Coltrane|249|384;87;417;534
2026-02-10T11:05:28.321Z;385;1100;F|iiAA|2;John Coltrane|203|1040;142;1073;1245
2026-02-10T11:05:29.903Z;419;1158;C|ABAC|3;John Coltrane|103|6024;324;6057;6411
2026-02-10T11:05:31.827Z;402;1124;Db|AABCAA|3;John Coltrane|228|5912;415;5945;6390
2026-02-10T11:05:33.279Z;392;1056;Ab|A|1;John Coltrane|114|1444;134;1477;1641
2026-02-10T11:05:34.764Z;393;1085;Fmin|AAB|2;John Coltrane|208|2648;268;2681;2979
2026-02-10T11:05:36.420Z;430;1222;Eb|iABCD|5;John Coltrane|216|5716;444;5749;6223
2026-02-10T11:05:37.977Z;421;1132;Dmin|AABA|2;John Coltrane|287|1472;154;1505;1689
2026-02-10T11:05:39.573Z;423;1169;F|AABA|2;John Coltrane|297|4876;333;4909;5272
2026-02-10T11:05:41.147Z;393;1174;Bb|AABC|3;John Coltrane|267|3724;311;3757;4098
2026-02-10T11:05:42.679Z;406;1120;Db|ABAC|3;John Coltrane|130|4972;316;5005;5351
2026-02-10T11:05:44.227Z;414;1129;Bmin|AABA|2;John Coltrane|115|3172;183;3205;3418
2026-02-10T11:05:45.707Z;387;1089;Bb|ABBA|2;John Coltrane|132|3036;212;3069;3311
2026-02-10T11:05:47.228Z;391;1125;C|iiAA|2;John Coltrane|182|3220;226;3253;3509
2026-02-10T11:05:48.710Z;402;1077;C|A|1;John Coltrane|160|1072;103;1105;1238
2026-02-10T11:05:50.259Z;418;1127;F|A|1;John Coltrane|249|1752;144;1785;1959
2026-02-10T11:05:51.658Z;398;997;Dmin|A|1;John Coltrane|177|1212;118;1244;1392
2026-02-10T11:05:53.156Z;388;1104;Bb|AA|1;John Coltrane|280|1156;113;1189;1332
2026-02-10T11:05:54.653Z;388;1104;C|AABA|2;John Coltrane|233|2480;254;2513;2797
2026-02-10T11:05:56.227Z;401;1169;Bb|ABAC|3;John Coltrane|105|4280;293;4313;4636
2026-02-10T11:05:57.747Z;396;1119;C|AABA|2;John Coltrane|161|2612;217;2645;2892
2026-02-10T11:05:59.276Z;396;1125;F|AA|1;John Coltrane|236|1256;127;1289;1446
2026-02-10T11:06:00.772Z;390;1102;C|iAAB|3;John Coltrane|129|3376;295;3409;3734
2026-02-10T11:06:02.317Z;392;1149;Ab|ABAC|3;John Coltrane|134|5668;314;5701;6045
2026-02-10T11:06:03.915Z;413;1181;Db|AABA|2;John Coltrane|286|2396;206;2429;2665
2026-02-10T11:06:05.428Z;368;1140;Eb|ABAC|3;John Coltrane|223|2676;278;2709;3017
2026-02-10T11:06:06.946Z;404;1109;Amin|AAB|2;John Coltrane|165|2856;231;2889;3150
2026-02-10T11:06:08.452Z;389;1112;Bb|AA|1;John Coltrane|218|1340;154;1373;1557
2026-02-10T11:06:10.004Z;402;1144;Ab|ABA|2;John Coltrane|210|3680;265;3713;4008
2026-02-10T11:06:11.514Z;410;1094;Fmin|AA|1;John Coltrane|118|1720;115;1753;1898
2026-02-10T11:06:13.040Z;417;1104;F|A|1;John Coltrane|242|1024;132;1057;1219
2026-02-10T11:06:14.599Z;411;1145;Bb|AB|2;John Coltrane|159|3588;247;3621;3898
2026-02-10T11:06:16.111Z;390;1117;Ab|A|1;John Coltrane|255|1200;111;1233;1374
2026-02-10T11:06:17.619Z;401;1101;Eb|AABA|2;John Coltrane|235|2636;228;2669;2927
2026-02-10T11:06:19.348Z;415;1308;Eb|ABAC|3;John Coltrane|98|7144;396;7177;7603
2026-02-10T11:06:20.866Z;407;1107;C|AA|1;John Coltrane|225|1464;142;1497;1669
2026-02-10T11:06:22.394Z;396;1127;Eb|A|1;John Coltrane|109|4912;188;4945;5163
2026-02-10T11:06:23.900Z;371;1129;Bb|AA|1;John Coltrane|271|1140;117;1173;1320
2026-02-10T11:06:25.436Z;393;1139;Bb|ABB|2;John Coltrane|175|3920;256;3953;4239
2026-02-10T11:06:26.944Z;371;1132;Bb|ABA|2;John Coltrane|125|4924;260;4957;5247
2026-02-10T11:06:28.458Z;388;1121;C|AABA|2;John Coltrane|268|2292;219;2325;2574
2026-02-10T11:06:30.016Z;393;1159;Eb|ABAC|3;John Coltrane|110|4904;282;4937;5249
2026-02-10T11:06:31.564Z;383;1161;F|AA|1;John Coltrane|160|2548;143;2581;2754
2026-02-10T11:06:33.087Z;391;1127;G|ABAC|3;John Coltrane|247|3760;338;3793;4161
2026-02-10T11:06:34.623Z;405;1126;Amin|AABA|2;John Coltrane|228|3592;225;3625;3880
2026-02-10T11:06:36.162Z;402;1131;F|AABA|2;John Coltrane|124|3512;192;3545;3767
2026-02-10T11:06:37.679Z;402;1110;C|AB|2;John Coltrane|203|2400;209;2433;2672
2026-02-10T11:06:39.223Z;389;1150;Eb|AAB|2;John Coltrane|141|4100;264;4133;4427
2026-02-10T11:06:40.771Z;409;1134;Cmin|AABA|2;John Coltrane|128|3264;237;3297;3564
2026-02-10T11:06:42.356Z;410;1169;C|AB|2;John Coltrane|196|2652;197;2685;2912
2026-02-10T11:06:43.987Z;416;1210;Ab|ABCD|4;John Coltrane|240|5348;409;5381;5820
2026-02-10T11:06:45.553Z;408;1153;Dmin|AABA|2;John Coltrane|256|3356;296;3389;3715
2026-02-10T11:06:47.069Z;392;1119;C|AABA|2;John Coltrane|281|2436;216;2469;2715
2026-02-10T11:06:48.606Z;388;1142;C|AABA|2;John Coltrane|131|2908;185;2941;3156
2026-02-10T11:06:50.117Z;407;1098;F|AA|1;John Coltrane|196|1052;111;1085;1226
2026-02-10T11:06:51.624Z;399;1103;Ab|AABA|2;John Coltrane|110|3064;201;3097;3328
2026-02-10T11:06:53.241Z;387;1225;D|AAABAii|3;John Coltrane|187|6900;398;6933;7361
2026-02-10T11:06:54.766Z;405;1113;Eb|AABAD|3;John Coltrane|174|4420;343;4453;4826
2026-02-10T11:06:56.285Z;389;1125;Ab|AABA|2;John Coltrane|144|3476;216;3509;3755
2026-02-10T11:06:58.693Z;417;1153;C|AABA|2;John Coltrane|165|2260;208;2293;2531
2026-02-10T11:07:00.245Z;403;1142;Dmin|AABA|2;John Coltrane|189|2872;235;2905;3170
2026-02-10T11:07:01.831Z;449;1133;C|AAB|2;John Coltrane|189|2920;229;2953;3212
2026-02-10T11:07:03.427Z;423;1169;C|ABCD|4;John Coltrane|183|6908;465;6941;7436
2026-02-10T11:07:04.902Z;371;1099;Eb|AB|2;John Coltrane|148|3152;195;3185;3410
2026-02-10T11:07:06.420Z;384;1127;Bbmin|ABBCAAA|3;John Coltrane|231|4516;304;4549;4883
2026-02-10T11:07:07.918Z;395;1099;Ab|AAAAA|1;John Coltrane|285|1400;126;1433;1589
2026-02-10T11:07:09.437Z;380;1135;G|ABA|2;John Coltrane|183|3616;237;3649;3916
2026-02-10T11:07:10.997Z;419;1136;D|AABA|2;John Coltrane|266|2800;227;2833;3090
2026-02-10T11:07:12.513Z;390;1119;G|AABA|2;John Coltrane|150|4548;246;4581;4857
2026-02-10T11:07:14.167Z;414;1236;F|ABCD|4;John Coltrane|133|7096;359;7129;7518
2026-02-10T11:07:15.739Z;435;1133;Gmin|AB|2;John Coltrane|161|2348;182;2381;2593
2026-02-10T11:07:17.675Z;400;1132;C|iAB|3;John Coltrane|226|3724;327;3757;4114
2026-02-10T11:07:19.193Z;389;1125;Eb|AABA|2;John Coltrane|247|2492;199;2525;2754
2026-02-10T11:07:20.767Z;403;1167;Bb|AABA|2;John Coltrane|185|2612;203;2645;2878
2026-02-10T11:07:22.288Z;390;1126;F|AA|1;John Coltrane|212|1536;150;1569;1749
2026-02-10T11:07:23.843Z;404;1145;Eb|BA|2;John Coltrane|169|5016;311;5049;5390
2026-02-10T11:07:25.363Z;387;1128;F|AB|2;John Coltrane|96|5488;252;5521;5803
2026-02-10T11:07:26.919Z;389;1162;F|ABA|2;John Coltrane|296|2280;184;2313;2527
2026-02-10T11:07:28.546Z;405;1217;Bb|BBAv|3;John Coltrane|226|3460;324;3493;3847
2026-02-10T11:07:30.083Z;414;1117;C|BBAA|2;John Coltrane|185|2672;194;2705;2929
2026-02-10T11:07:31.653Z;395;1170;Bb|AABA|2;John Coltrane|298|3104;218;3137;3385
2026-02-10T11:07:33.168Z;392;1119;Eb|A|1;John Coltrane|252|1144;116;1177;1323
2026-02-10T11:07:34.703Z;388;1142;Cmin|ABB|2;John Coltrane|116|1800;166;1833;2029
2026-02-10T11:07:36.227Z;407;1111;Ab|A|1;John Coltrane|107|808;107;841;978
2026-02-10T11:07:37.804Z;403;1168;F|AABA|2;John Coltrane|200|3980;266;4013;4309
2026-02-10T11:07:39.418Z;392;1217;Ab|ABAC|3;John Coltrane|107|5200;315;5233;5578
2026-02-10T11:07:40.961Z;395;1143;Bb|AB|2;John Coltrane|124|3076;218;3109;3357
2026-02-10T11:07:42.543Z;400;1174;Amin|ABAC|3;John Coltrane|206|4840;385;4873;5288
2026-02-10T11:07:44.082Z;398;1136;Eb|AABAA|2;John Coltrane|220|3348;341;3381;3752
2026-02-10T11:07:45.633Z;376;1171;Bb|ABA|2;John Coltrane|285|2684;247;2717;2994
2026-02-10T11:07:47.173Z;392;1144;Cmin|AABA|2;John Coltrane|297|2132;223;2165;2418
2026-02-10T11:07:48.717Z;405;1134;Eb|AABAi|3;John Coltrane|268|3136;285;3169;3484
2026-02-10T11:07:50.358Z;428;1208;G|ABAD|3;John Coltrane|265|5816;406;5849;6285
2026-02-10T11:07:51.975Z;406;1207;C|AABAAAA|2;John Coltrane|227|3512;236;3545;3811
2026-02-10T11:07:53.869Z;488;1400;Bb|iiAAB|3;John Coltrane|178|4348;287;4381;4698
2026-02-10T11:07:55.730Z;509;1345;C|AABA|2;John Coltrane|148|5316;267;5349;5646
2026-02-10T11:07:57.569Z;477;1358;Ab|AAAB|2;John Coltrane|218|2220;227;2253;2510
2026-02-10T11:07:59.406Z;481;1351;G|ABAC|3;John Coltrane|296|3160;346;3193;3569
2026-02-10T11:08:01.778Z;490;1390;F|iAABA|3;John Coltrane|153|5088;291;5121;5442
2026-02-10T11:08:03.710Z;513;1413;F|ABCD|4;John Coltrane|101|6836;430;6869;7329
2026-02-10T11:08:05.568Z;480;1373;F|AABA|2;John Coltrane|206|2008;187;2041;2258
2026-02-10T11:08:07.352Z;474;1299;Bb|A|1;John Coltrane|202|1088;133;1121;1284
2026-02-10T11:08:09.180Z;478;1345;Eb|AB|2;John Coltrane|130|3532;241;3565;3836
2026-02-10T11:08:11.086Z;530;1369;G|iiAAAA|2;John Coltrane|213|2568;212;2601;2843
2026-02-10T11:08:13.962Z;482;1411;Amin|ABAC|3;John Coltrane|208|3092;301;3125;3456
2026-02-10T11:08:15.769Z;538;1263;C|AABA|2;John Coltrane|90|5240;372;5273;5675
2026-02-10T11:08:18.104Z;411;1111;Eb|AABAA|2;John Coltrane|234|3216;303;3249;3582
2026-02-10T11:08:19.632Z;406;1118;G|AABA|2;John Coltrane|97|5904;350;5937;6317
2026-02-10T11:08:21.226Z;401;1187;Bb|ABAC|3;John Coltrane|202|4848;359;4881;5270
2026-02-10T11:08:22.725Z;386;1108;C#min|BBAA|2;John Coltrane|265|1640;179;1673;1882
2026-02-10T11:08:24.186Z;390;1066;Db|A|1;John Coltrane|194|1456;179;1489;1698
2026-02-10T11:08:26.539Z;385;1115;Eb|AABA|2;John Coltrane|102|3012;205;3045;3280
2026-02-10T11:08:28.061Z;385;1133;Eb|AABA|2;John Coltrane|198|1936;176;1969;2175
2026-02-10T11:08:29.516Z;391;1058;Ab|AB|2;John Coltrane|284|3288;242;3321;3593
2026-02-10T11:08:31.014Z;407;1086;F|AABA|2;John Coltrane|294|2836;272;2869;3171
2026-02-10T11:08:32.566Z;409;1138;A|AABA|2;John Coltrane|194|2764;234;2797;3061
2026-02-10T11:08:34.099Z;417;1110;Db|AABA|2;John Coltrane|137|3064;257;3097;3384
2026-02-10T11:08:35.617Z;404;1108;Cmin|ABA|2;John Coltrane|230|2584;206;2617;2853
2026-02-10T11:08:37.148Z;389;1138;C|AAB|2;John Coltrane|209|2580;231;2613;2874
2026-02-10T11:08:38.632Z;389;1090;Cmin|AAA|1;John Coltrane|137|1668;123;1701;1854
2026-02-10T11:08:40.169Z;409;1123;C|iAA|2;John Coltrane|137|3668;240;3701;3971
2026-02-10T11:08:41.644Z;404;1064;C|AA|1;John Coltrane|260|1240;117;1273;1420
2026-02-10T11:08:43.176Z;404;1123;Bb|AABA|2;John Coltrane|197|3912;249;3945;4224
2026-02-10T11:08:45.092Z;406;1110;F|AABA|2;John Coltrane|292|3056;246;3089;3365
2026-02-10T11:08:46.626Z;405;1123;C|AABA|2;John Coltrane|114|3620;227;3653;3910
2026-02-10T11:08:48.181Z;390;1159;Amin|ABAC|3;John Coltrane|133|5800;375;5833;6238
2026-02-10T11:08:49.739Z;408;1145;C|ABBCAAA|3;John Coltrane|137|3668;272;3701;4003
2026-02-10T11:08:51.337Z;418;1176;Eb|AABCD|4;John Coltrane|218|4884;346;4917;5293
2026-02-10T11:08:53.683Z;414;1148;Bb|ABAC|3;John Coltrane|141|4900;328;4933;5291
2026-02-10T11:08:55.197Z;392;1117;Amin|iiAAA|2;John Coltrane|201|1760;180;1793;2003
2026-02-10T11:08:56.713Z;389;1122;F|A|1;John Coltrane|279|1404;133;1437;1600
2026-02-10T11:08:58.257Z;390;1149;C|AABA|2;John Coltrane|297|1416;186;1449;1665
2026-02-10T11:09:00.254Z;404;1174;Ab|ABAC|3;John Coltrane|293|3636;314;3669;4013
2026-02-10T11:09:01.893Z;437;1196;Fmin|AB|2;John Coltrane|143|3888;217;3921;4168
2026-02-10T11:09:03.453Z;410;1146;C|A|1;John Coltrane|198|2280;131;2313;2474
2026-02-10T11:09:05.003Z;400;1144;F|AAB|2;John Coltrane|164|2672;202;2705;2937
2026-02-10T11:09:06.538Z;415;1115;G|A|1;John Coltrane|245|1268;105;1301;1436
2026-02-10T11:09:08.122Z;394;1185;Bb|AABBA|2;John Coltrane|233|2216;199;2249;2478
2026-02-10T11:09:09.678Z;403;1148;Bb|AABAA|2;John Coltrane|185|2856;249;2889;3168
2026-02-10T11:09:11.201Z;393;1123;Eb|AB|2;John Coltrane|94|3116;213;3149;3392
2026-02-10T11:09:12.814Z;417;1191;F|ABAB|2;John Coltrane|211|3992;286;4025;4341
2026-02-10T11:09:14.349Z;393;1138;F|ABAC|3;John Coltrane|121|5288;333;5321;5684
2026-02-10T11:09:15.929Z;422;1153;Eb|AABA|2;John Coltrane|113|3284;202;3317;3549
2026-02-10T11:09:17.461Z;386;1139;Emin|AABA|2;John Coltrane|249|2408;248;2441;2719
2026-02-10T11:09:18.973Z;389;1119;Db|BAA|2;John Coltrane|150|3224;189;3257;3476
2026-02-10T11:09:20.581Z;404;1199;Eb|AABA|2;John Coltrane|228|2564;282;2597;2909
2026-02-10T11:09:22.189Z;373;1230;Cmin|ABC|3;John Coltrane|109|6140;332;6173;6535
2026-02-10T11:09:23.740Z;405;1140;Bb|AABA|2;John Coltrane|131|3324;223;3357;3610
2026-02-10T11:09:25.294Z;389;1160;F|iiAAA|2;John Coltrane|260|1876;178;1909;2117
2026-02-10T11:09:26.817Z;407;1112;F|A|1;John Coltrane|136|1824;134;1857;2021
2026-02-10T11:09:28.427Z;402;1203;F|ABA|2;John Coltrane|163|4216;237;4249;4516
2026-02-10T11:09:30.025Z;394;1198;G|iAA|2;John Coltrane|242|2008;195;2041;2266
2026-02-10T11:09:31.944Z;406;1114;Eb|BBAA|2;John Coltrane|208|2156;192;2189;2411
2026-02-10T11:09:33.578Z;403;1226;F|vAB|3;John Coltrane|118|8128;344;8161;8535
2026-02-10T11:09:35.084Z;403;1097;Db|ABC|3;John Coltrane|165|5128;356;5161;5547
2026-02-10T11:09:36.650Z;403;1158;F|AABA|2;John Coltrane|171|4296;231;4329;4590
2026-02-10T11:09:38.210Z;399;1156;Gmin|ABC|3;John Coltrane|278|4060;324;4093;4447
2026-02-10T11:09:40.568Z;409;1175;F|AABA|2;John Coltrane|92|3156;234;3189;3453
2026-02-10T11:09:42.136Z;408;1155;F|AB|2;John Coltrane|235|1988;176;2021;2227
2026-02-10T11:09:43.719Z;406;1172;Eb|A|1;John Coltrane|163|1960;134;1993;2157
2026-02-10T11:09:45.225Z;400;1101;Bbmin|A|1;John Coltrane|275|688;104;721;855
2026-02-10T11:09:46.761Z;400;1130;Fmin|AABC|3;John Coltrane|94|4496;294;4529;4853
2026-02-10T11:09:48.290Z;390;1135;F|iiAABA|3;John Coltrane|178|3292;240;3325;3595
2026-02-10T11:09:49.816Z;393;1128;Eb|ABA|2;John Coltrane|107|2648;183;2681;2894
2026-02-10T11:09:51.563Z;395;1347;Ebmin|ABA|2;John Coltrane|101|2960;204;2993;3227
2026-02-10T11:09:53.157Z;424;1164;F|AABA|2;John Coltrane|102|3168;197;3201;3428
2026-02-10T11:09:54.757Z;387;1207;Emin|AABA|2;John Coltrane|257|4352;263;4385;4678
2026-02-10T11:09:56.340Z;419;1159;Eb|ABAB|2;John Coltrane|237|3032;247;3065;3342
2026-02-10T11:09:57.989Z;491;1152;F|A|1;John Coltrane|251|1316;105;1349;1484
2026-02-10T11:09:59.600Z;420;1182;F|ABACA|3;John Coltrane|247|4104;353;4137;4520
2026-02-10T11:10:01.169Z;398;1167;C|AABA|2;John Coltrane|191|3172;203;3205;3438
2026-02-10T11:10:02.705Z;394;1137;Dmin|AABA|2;John Coltrane|263|2208;209;2241;2480
2026-02-10T11:10:04.281Z;418;1153;Cmin|AABA|2;John Coltrane|150|3376;267;3409;3706
2026-02-10T11:10:05.891Z;404;1200;Eb|AABA|2;John Coltrane|203|1904;197;1937;2164
2026-02-10T11:10:07.420Z;413;1111;F|AABA|2;John Coltrane|300|2348;204;2381;2615
2026-02-10T11:10:08.994Z;407;1162;Bb|AABA|2;John Coltrane|168|3212;232;3245;3507
2026-02-10T11:10:10.621Z;416;1205;C|ABAC|3;John Coltrane|286|4012;310;4045;4385
2026-02-10T11:10:12.213Z;392;1195;Eb|ABC|3;John Coltrane|119|6048;321;6081;6432
2026-02-10T11:10:13.808Z;405;1185;C|ABCA|3;John Coltrane|217|5392;404;5425;5859
2026-02-10T11:10:15.768Z;410;1132;Bb|ABB|2;John Coltrane|246|3276;252;3309;3591
2026-02-10T11:10:17.352Z;403;1175;Cmin|AABA|2;John Coltrane|300|2232;200;2265;2495
2026-02-10T11:10:18.882Z;388;1138;Eb|AABA|2;John Coltrane|192|2008;205;2041;2276
2026-02-10T11:10:20.334Z;404;1044;Cmin|AAAB|2;John Coltrane|136|3240;248;3273;3551
2026-02-10T11:10:21.918Z;402;1178;Bb|A|1;John Coltrane|292|1012;117;1045;1192
2026-02-10T11:10:23.454Z;409;1120;C|AAB|2;John Coltrane|276|2672;199;2705;2934
2026-02-10T11:10:24.994Z;405;1131;F|AABA|2;John Coltrane|104|3228;223;3261;3514
2026-02-10T11:10:26.542Z;418;1125;Bb|AABA|2;John Coltrane|228|3068;224;3101;3355
2026-02-10T11:10:28.158Z;412;1198;C|AABA|2;John Coltrane|235|3860;248;3893;4171
2026-02-10T11:10:29.695Z;390;1142;Ab|AABC|3;John Coltrane|259|3492;318;3525;3873
2026-02-10T11:10:31.245Z;413;1133;Dmin|AAB|2;John Coltrane|132|2888;173;2921;3124
2026-02-10T11:10:32.771Z;388;1133;Dmin|AABC|3;John Coltrane|133|5660;277;5693;6000
2026-02-10T11:10:34.404Z;411;1218;Eb|AAB|2;John Coltrane|264|3724;239;3757;4026
2026-02-10T11:10:35.999Z;400;1190;Bb|AABA|2;John Coltrane|270|3604;235;3637;3902
2026-02-10T11:10:37.526Z;406;1116;Bb|AB|2;John Coltrane|193|2564;233;2597;2860
2026-02-10T11:10:39.445Z;403;1094;Bb|AAB|2;John Coltrane|218|2260;208;2293;2531
2026-02-10T11:10:40.928Z;378;1099;Eb|A|1;John Coltrane|238|2492;153;2525;2708
2026-02-10T11:10:42.875Z;383;1162;G|ABAC|3;John Coltrane|296|3800;296;3833;4159
2026-02-10T11:10:44.425Z;416;1130;D|AABA|2;John Coltrane|241|3784;263;3817;4110
2026-02-10T11:10:46.019Z;430;1155;G|AABAA|2;John Coltrane|166|2572;220;2605;2855
2026-02-10T11:10:47.587Z;406;1156;Bb|iAA|2;John Coltrane|274|2600;241;2633;2904
2026-02-10T11:10:50.012Z;406;1241;Bmin|AABA|2;John Coltrane|107|6868;436;6901;7367
2026-02-10T11:10:51.978Z;395;1141;Eb|ABAC|3;John Coltrane|211|3516;299;3549;3878
2026-02-10T11:10:53.526Z;435;1106;F|AAB|2;John Coltrane|146|4984;294;5017;5341
2026-02-10T11:10:55.045Z;405;1108;C|AAB|2;John Coltrane|94|2408;181;2441;2652
2026-02-10T11:10:56.631Z;409;1173;Eb|AAB|2;John Coltrane|219|2372;220;2405;2655
2026-02-10T11:10:58.239Z;402;1202;Eb|AAB|2;John Coltrane|124|4724;272;4757;5059
2026-02-10T11:11:00.661Z;415;1211;Dmin|ABAC|3;John Coltrane|255|3716;272;3749;4051
2026-02-10T11:11:02.179Z;404;1109;Bb|AABBA|2;John Coltrane|169|3812;266;3845;4141
2026-02-10T11:11:03.708Z;388;1136;C|ABAC|3;John Coltrane|178|4208;302;4241;4573
2026-02-10T11:11:05.318Z;405;1198;G|ABAC|3;John Coltrane|122|6236;306;6269;6605
2026-02-10T11:11:06.872Z;404;1146;Fmin|AABACAA|3;John Coltrane|255|3116;262;3149;3441
2026-02-10T11:11:08.386Z;384;1124;C|AAB|2;John Coltrane|140|2756;207;2789;3026
2026-02-10T11:11:09.949Z;400;1158;Bb|AABA|2;John Coltrane|237|3028;213;3061;3304
2026-02-10T11:11:11.521Z;388;1178;F|A|1;John Coltrane|101|4140;174;4173;4377
2026-02-10T11:11:13.045Z;395;1125;Eb|AA|1;John Coltrane|100|1692;124;1725;1879
2026-02-10T11:11:14.565Z;406;1110;Bb|AABA|2;John Coltrane|245|1428;177;1461;1668
2026-02-10T11:11:16.075Z;402;1103;C|A|1;John Coltrane|124|1608;118;1641;1789
2026-02-10T11:11:18.457Z;397;1117;Fmin|AA|1;John Coltrane|217|2004;148;2037;2215
2026-02-10T11:11:19.969Z;411;1097;Eb|AAB|2;John Coltrane|136|2664;212;2697;2939
2026-02-10T11:11:21.494Z;390;1130;F|AABA|2;John Coltrane|158|3344;208;3377;3615
2026-02-10T11:11:23.026Z;403;1122;F|AB|2;John Coltrane|198|2804;254;2837;3121
2026-02-10T11:11:24.560Z;404;1126;C|AABA|2;John Coltrane|143|3868;227;3901;4158
2026-02-10T11:11:26.119Z;374;1180;C|ABAC|3;John Coltrane|94|5044;341;5077;5448
2026-02-10T11:11:27.720Z;396;1200;A|ABAC|3;John Coltrane|101|4840;341;4873;5244
2026-02-10T11:11:29.341Z;420;1195;Dmin|iiAABA|3;John Coltrane|96|4784;324;4817;5171
2026-02-10T11:11:30.864Z;395;1123;G|AABA|2;John Coltrane|258|4612;285;4645;4960
2026-02-10T11:11:32.444Z;407;1168;F#min|AABA|2;John Coltrane|133|2536;205;2569;2804
2026-02-10T11:11:34.020Z;428;1142;Eb|AABA|2;John Coltrane|115|2764;207;2797;3034
2026-02-10T11:11:35.553Z;390;1137;Eb|AABA|2;John Coltrane|188|3236;220;3269;3519
2026-02-10T11:11:37.123Z;400;1166;Bb|ABBD|3;John Coltrane|224|3652;280;3685;3995
2026-02-10T11:11:38.632Z;397;1107;Fmin|AABA|2;John Coltrane|256|2500;217;2533;2780
2026-02-10T11:11:40.155Z;398;1120;Bb|AABA|2;John Coltrane|247|2748;316;2781;3127
2026-02-10T11:11:42.079Z;415;1121;F|ABA|2;John Coltrane|227|1872;164;1905;2099
2026-02-10T11:11:43.615Z;398;1133;F|AAB|2;John Coltrane|249|3396;255;3429;3714
2026-02-10T11:11:45.144Z;389;1136;Ab|AABA|2;John Coltrane|91|3432;246;3465;3741
2026-02-10T11:11:46.692Z;412;1132;Eb|AA|1;John Coltrane|106|1520;129;1553;1712
2026-02-10T11:11:48.257Z;407;1151;C|ABAC|3;John Coltrane|286|4328;359;4361;4750
2026-02-10T11:11:49.850Z;411;1177;G|AABA|2;John Coltrane|275|2596;249;2629;2908
2026-02-10T11:11:51.378Z;379;1143;Eb|A|1;John Coltrane|171|1344;153;1377;1560
2026-02-10T11:11:52.907Z;409;1116;Gmin|ABAB|2;John Coltrane|127|4564;257;4597;4884
2026-02-10T11:11:54.409Z;373;1123;Eb|AB|2;John Coltrane|185|3676;232;3709;3971
2026-02-10T11:11:57.606Z;409;1107;C|iA|2;John Coltrane|95|3328;229;3361;3620
2026-02-10T11:11:59.564Z;389;1171;Bb|iiAABC|4;John Coltrane|140|6432;362;6465;6857
2026-02-10T11:12:01.516Z;394;1143;F|AABA|2;John Coltrane|297|2328;202;2361;2593
2026-02-10T11:12:03.097Z;413;1162;C|ABAC|3;John Coltrane|170|4076;289;4109;4428
2026-02-10T11:12:04.640Z;404;1133;Eb|vAABC|4;John Coltrane|285|8320;522;8353;8905
2026-02-10T11:12:06.587Z;386;1145;Eb|A|1;John Coltrane|207|2376;154;2409;2593
2026-02-10T11:12:08.192Z;398;1203;C|vAABBCA|4;John Coltrane|198|4808;366;4841;5237
2026-02-10T11:12:09.773Z;400;1174;Eb|AABA|2;John Coltrane|169|3504;275;3537;3842
2026-02-10T11:12:11.372Z;407;1187;C|AABA|2;John Coltrane|284|2948;285;2981;3296
2026-02-10T11:12:12.958Z;389;1193;D|AABCA|3;John Coltrane|178|6740;388;6773;7191
2026-02-10T11:12:14.505Z;405;1138;F|A|1;John Coltrane|155|3060;151;3093;3274
2026-02-10T11:12:16.059Z;402;1146;Eb|iAA|2;John Coltrane|209|2032;206;2065;2301
2026-02-10T11:12:17.667Z;396;1208;G|iABCDAAAA|5;John Coltrane|140|8832;567;8865;9462
2026-02-10T11:12:19.177Z;405;1100;C#min|AB|2;John Coltrane|130|3104;234;3137;3401
2026-02-10T11:12:20.698Z;393;1124;F|AB|2;John Coltrane|199|2404;201;2437;2668
2026-02-10T11:12:22.322Z;404;1214;F|AABA|2;John Coltrane|241|3788;293;3821;4144
2026-02-10T11:12:23.815Z;369;1119;G|AB|2;John Coltrane|223|3220;197;3253;3480
2026-02-10T11:12:25.406Z;405;1181;C|A|1;John Coltrane|209|2576;144;2609;2783
2026-02-10T11:12:26.927Z;387;1130;Eb|AA|1;John Coltrane|93|1184;122;1217;1369
2026-02-10T11:12:28.511Z;403;1175;C|AABAA|2;John Coltrane|184|1900;173;1933;2136
2026-02-10T11:12:30.150Z;391;1242;F|vAB|3;John Coltrane|146|9196;371;9229;9630
2026-02-10T11:12:31.757Z;401;1202;Bb|AAB|2;John Coltrane|277|4064;288;4097;4415
2026-02-10T11:12:33.291Z;419;1111;C|A|1;John Coltrane|121|2004;143;2037;2210
2026-02-10T11:12:34.806Z;401;1109;F|AA|1;John Coltrane|279|408;88;441;559
2026-02-10T11:12:37.236Z;423;1150;Ab|ABC|3;John Coltrane|140|4544;364;4577;4971
2026-02-10T11:12:38.828Z;400;1188;F|AABA|2;John Coltrane|226|2400;215;2433;2678
2026-02-10T11:12:40.371Z;401;1136;Fmin|A|1;John Coltrane|267|1580;146;1613;1789
2026-02-10T11:12:41.900Z;389;1136;F|A|1;John Coltrane|151|1424;117;1457;1604
2026-02-10T11:12:43.497Z;399;1194;F|AABA|2;John Coltrane|282|2312;216;2345;2591
2026-02-10T11:12:44.998Z;396;1100;F|AABA|2;John Coltrane|166|2444;195;2477;2702
2026-02-10T11:12:46.573Z;392;1176;C|AABC|3;John Coltrane|196|4084;296;4117;4443
2026-02-10T11:12:48.120Z;405;1138;Fmin|AABA|2;John Coltrane|176|2772;240;2805;3075
2026-02-10T11:12:49.634Z;393;1116;Bb|A|1;John Coltrane|162|1852;137;1885;2052
2026-02-10T11:12:51.194Z;428;1128;C|ABA|2;John Coltrane|235|2640;192;2673;2895
2026-02-10T11:12:52.714Z;388;1127;C|A|1;John Coltrane|162|1336;124;1369;1523
2026-02-10T11:12:54.287Z;393;1176;F|AABA|2;John Coltrane|93|4756;274;4789;5093
2026-02-10T11:12:55.856Z;404;1160;Ab|ABB|2;John Coltrane|253|2528;233;2561;2824
2026-02-10T11:12:57.344Z;389;1095;Eb|A|1;John Coltrane|174|984;105;1017;1152
2026-02-10T11:12:58.946Z;424;1173;F|AA|1;John Coltrane|175|1592;165;1625;1820
2026-02-10T11:13:00.485Z;404;1129;F|AABA|2;John Coltrane|174|5720;266;5753;6049
2026-02-10T11:13:01.986Z;391;1106;Db|AB|2;John Coltrane|281|1908;197;1941;2168
2026-02-10T11:13:03.552Z;403;1159;Eb|ABBCAAA|3;John Coltrane|121|5136;352;5169;5551
2026-02-10T11:13:05.078Z;406;1114;Ebmin|AABAC|3;John Coltrane|212|3508;287;3541;3858
2026-02-10T11:13:06.631Z;397;1152;G|AAB|2;John Coltrane|207|2176;200;2209;2439
2026-02-10T11:13:08.255Z;393;1226;Cmin|ABAC|3;John Coltrane|139|5904;306;5937;6273
2026-02-10T11:13:09.805Z;403;1142;E|AA|1;John Coltrane|247|1348;158;1381;1569
2026-02-10T11:13:11.351Z;375;1165;Ab|BBAA|2;John Coltrane|122|3588;230;3621;3881
2026-02-10T11:13:12.955Z;404;1195;D|vAABA|3;John Coltrane|249|3828;326;3861;4217
2026-02-10T11:13:14.522Z;390;1172;Eb|AABA|2;John Coltrane|299|3508;283;3541;3854
2026-02-10T11:13:16.086Z;421;1138;Bb|AB|2;John Coltrane|95|2508;176;2541;2747
2026-02-10T11:13:17.638Z;397;1147;Bb|AABA|2;John Coltrane|104|3000;214;3033;3277
2026-02-10T11:13:19.081Z;408;1029;F|A|1;John Coltrane|173|2156;139;2189;2358
2026-02-10T11:13:20.626Z;409;1132;Ab|AABA|2;John Coltrane|144|6344;288;6377;6695
2026-02-10T11:13:22.198Z;388;1179;C|AABA|2;John Coltrane|209|4104;309;4137;4476
2026-02-10T11:13:23.720Z;387;1129;Ab|AABA|2;John Coltrane|131|4260;289;4293;4612
2026-02-10T11:13:25.293Z;404;1165;Amin|AABA|2;John Coltrane|183|6112;366;6145;6541
2026-02-10T11:13:26.816Z;394;1123;G|ABAC|3;John Coltrane|171|4460;324;4493;4847
2026-02-10T11:13:28.596Z;388;1387;Db|AAA|1;John Coltrane|138|1828;155;1861;2046
2026-02-10T11:13:31.877Z;403;1121;C|BBAA|2;John Coltrane|200|2596;247;2629;2906
2026-02-10T11:13:33.523Z;425;1215;Bb|vAABC|4;John Coltrane|140|10316;533;10349;10912
2026-02-10T11:13:35.150Z;388;1235;C|ABCD|4;John Coltrane|212|5068;379;5101;5510
2026-02-10T11:13:36.698Z;418;1125;Eb|AB|2;John Coltrane|130|4108;231;4141;4402
2026-02-10T11:13:38.298Z;412;1182;F|AABA|2;John Coltrane|124|4776;256;4809;5095
2026-02-10T11:13:39.819Z;398;1118;Eb|ABAA|2;John Coltrane|229|2604;240;2637;2907
2026-02-10T11:13:41.325Z;395;1105;F|A|1;John Coltrane|160|1272;108;1305;1443
2026-02-10T11:13:42.889Z;402;1158;Eb|ABAC|3;John Coltrane|166|4436;337;4469;4836
2026-02-10T11:13:44.447Z;381;1171;Amin|AABA|2;John Coltrane|292|3744;281;3777;4088
2026-02-10T11:13:45.974Z;418;1104;Eb|AAAA|1;John Coltrane|173|1556;156;1589;1775
2026-02-10T11:13:47.490Z;398;1112;F|AAB|2;John Coltrane|166|2456;189;2489;2708
2026-02-10T11:13:49.035Z;389;1150;Eb|ABCD|4;John Coltrane|285|7468;482;7501;8013
2026-02-10T11:13:50.633Z;405;1185;C|ABAC|3;John Coltrane|93|4448;327;4481;4838
2026-02-10T11:13:52.155Z;403;1113;Eb|AA|1;John Coltrane|192|2600;147;2633;2810
2026-02-10T11:13:53.768Z;430;1175;C|AB|2;John Coltrane|121|4100;225;4133;4388
2026-02-10T11:13:55.366Z;418;1174;F|AABA|2;John Coltrane|141|5644;242;5677;5949
2026-02-10T11:13:57.397Z;416;1195;Bb|ABBCA|3;John Coltrane|278|3756;299;3789;4118
2026-02-10T11:13:58.953Z;409;1143;Fmin|AABA|2;John Coltrane|152|4404;291;4437;4758
2026-02-10T11:14:00.572Z;407;1207;Bb|iiAABAA|3;John Coltrane|93|6180;330;6213;6573
2026-02-10T11:14:02.070Z;397;1094;Eb|ABAB|2;John Coltrane|204|3868;285;3901;4216
2026-02-10T11:14:03.657Z;406;1176;Eb|iAA|2;John Coltrane|146|3128;250;3161;3441
2026-02-10T11:14:05.242Z;394;1185;Ab|AABA|2;John Coltrane|229|3256;269;3289;3588
2026-02-10T11:14:06.776Z;402;1127;Eb|AABAA|2;John Coltrane|285|2696;208;2729;2967
2026-02-10T11:14:08.368Z;394;1192;Amin|AABA|2;John Coltrane|117|4436;220;4469;4719
2026-02-10T11:14:09.985Z;401;1211;F|AABCC|3;John Coltrane|232|4636;356;4669;5055
2026-02-10T11:14:11.511Z;388;1133;G|AAABA|2;John Coltrane|298|1848;222;1881;2133
2026-02-10T11:14:13.082Z;410;1156;G#min|ABA|2;John Coltrane|272|2716;260;2749;3039
2026-02-10T11:14:14.698Z;422;1188;F|AABC|3;John Coltrane|92|4956;334;4989;5353
2026-02-10T11:14:16.296Z;426;1167;F|AABA|2;John Coltrane|291|3652;264;3685;3979
2026-02-10T11:14:17.882Z;388;1191;Db|ABCD|4;John Coltrane|248|4144;369;4177;4576
2026-02-10T11:14:19.455Z;400;1168;Eb|AABAC|3;John Coltrane|261|5840;436;5873;6339
2026-02-10T11:14:20.969Z;397;1112;C|AAAB|2;John Coltrane|136|4548;255;4581;4866
2026-02-10T11:14:22.525Z;416;1133;Fmin|AABA|2;John Coltrane|106|3396;215;3429;3674
2026-02-10T11:14:24.085Z;425;1131;Amin|AABA|2;John Coltrane|251|2676;217;2709;2956
2026-02-10T11:14:25.699Z;407;1203;Gmin|AABA|2;John Coltrane|265|2724;247;2757;3034
2026-02-10T11:14:27.241Z;408;1129;Cmin|ABAC|3;John Coltrane|169|5096;325;5129;5484
2026-02-10T11:14:28.893Z;404;1243;Eb|ABAC|3;John Coltrane|194|5940;377;5973;6380
2026-02-10T11:14:30.465Z;403;1163;F|AABA|2;John Coltrane|278|2160;173;2193;2396
2026-02-10T11:14:32.044Z;430;1144;Bb|AABC|3;John Coltrane|124|5908;365;5941;6336
2026-02-10T11:14:33.682Z;414;1218;Eb|iiAB|3;John Coltrane|263|4680;367;4713;5110
2026-02-10T11:14:35.292Z;398;1207;Eb|AAB|2;John Coltrane|280|3452;249;3485;3764
2026-02-10T11:14:36.911Z;387;1215;Eb|iiAABAA|3;John Coltrane|141|6220;305;6253;6588
2026-02-10T11:14:38.489Z;396;1177;Bb|AABA|2;John Coltrane|107|3372;234;3405;3669
2026-02-10T11:14:40.068Z;410;1164;Cmin|AABA|2;John Coltrane|229|2328;200;2361;2591
2026-02-10T11:14:41.615Z;389;1153;Ab|AABA|2;John Coltrane|179|2700;196;2733;2959
2026-02-10T11:14:43.184Z;433;1131;F|AABA|2;John Coltrane|204|2336;198;2369;2597
2026-02-10T11:14:44.818Z;404;1225;Bb|ABCDAA|4;John Coltrane|156|7848;382;7881;8293
2026-02-10T11:14:46.311Z;390;1099;Eb|AA|1;John Coltrane|124|1752;147;1785;1962
2026-02-10T11:14:47.861Z;408;1137;Ab|AABA|2;John Coltrane|143|3180;223;3213;3466
2026-02-10T11:14:49.839Z;410;1151;C|BBAA|2;John Coltrane|269|2412;235;2445;2710
2026-02-10T11:14:51.495Z;397;1232;Bb|ABBCB|3;John Coltrane|184|5464;331;5497;5858
2026-02-10T11:14:53.064Z;415;1136;C|ABA|2;John Coltrane|143|4492;221;4525;4776
2026-02-10T11:14:54.559Z;397;1092;C|BBAA|2;John Coltrane|243|724;137;757;924
2026-02-10T11:14:56.114Z;398;1127;F|A|1;John Coltrane|221|1380;130;1413;1573
2026-02-10T11:14:57.756Z;418;1200;Dmin|ABCA|3;John Coltrane|292|3712;333;3745;4108
2026-02-10T11:14:59.337Z;399;1153;Bb|iAABA|3;John Coltrane|157|4332;298;4365;4693
2026-02-10T11:15:00.972Z;417;1194;G|AABA|2;John Coltrane|148|4296;258;4329;4617
2026-02-10T11:15:02.491Z;393;1121;C|A|1;John Coltrane|232|1264;123;1297;1450
2026-02-10T11:15:04.159Z;422;1241;Dmin|ABC|3;John Coltrane|269|4092;351;4125;4506
2026-02-10T11:15:05.695Z;398;1133;F|AABA|2;John Coltrane|261|1720;182;1753;1965
2026-02-10T11:15:07.289Z;401;1188;C|AABA|2;John Coltrane|271|3320;215;3353;3598
2026-02-10T11:15:08.787Z;394;1100;C|ABAB|2;John Coltrane|279|2256;203;2289;2522
2026-02-10T11:15:10.348Z;393;1161;C|AB|2;John Coltrane|272|2544;203;2577;2810
2026-02-10T11:15:11.880Z;391;1137;C|ABBCA|3;John Coltrane|270|3936;291;3969;4290
2026-02-10T11:15:13.456Z;381;1168;Dmin|AB|2;John Coltrane|90|3940;263;3973;4266
2026-02-10T11:15:15.027Z;399;1167;C|AABA|2;John Coltrane|173|3884;276;3917;4223
2026-02-10T11:15:16.603Z;398;1171;Eb|ABAC|3;John Coltrane|96|4680;335;4713;5078
2026-02-10T11:15:18.148Z;407;1133;C|AABAA|2;John Coltrane|282|4020;244;4053;4327
2026-02-10T11:15:19.678Z;382;1121;C|AABA|2;John Coltrane|226|2408;204;2441;2675
2026-02-10T11:15:21.298Z;408;1207;F|AABA|2;John Coltrane|110|4436;266;4469;4765
2026-02-10T11:15:22.842Z;403;1135;G|BBAA|2;John Coltrane|159|2788;218;2821;3069
2026-02-10T11:15:24.410Z;392;1171;Ab|AABA|2;John Coltrane|190|3728;238;3761;4029
2026-02-10T11:15:25.965Z;392;1159;Eb|AABA|2;John Coltrane|180|4024;275;4057;4362
2026-02-10T11:15:27.428Z;375;1084;Ab|AAB|2;John Coltrane|184|2456;213;2489;2732
2026-02-10T11:15:28.991Z;386;1171;Amin|ABAB|2;John Coltrane|146|2884;215;2917;3162
2026-02-10T11:15:30.511Z;400;1115;C|AABA|2;John Coltrane|182|3576;246;3609;3885
2026-02-10T11:15:32.070Z;386;1168;Ab|iAABB|3;John Coltrane|217|3556;321;3589;3940
2026-02-10T11:15:33.674Z;382;1194;D|AABA|2;John Coltrane|215|2836;257;2869;3156
2026-02-10T11:15:35.211Z;406;1124;C|AABA|2;John Coltrane|123|3236;239;3269;3538
2026-02-10T11:15:36.774Z;400;1138;G|A|1;John Coltrane|97|3300;167;3333;3530
2026-02-10T11:15:38.254Z;388;1088;Fmin|A|1;John Coltrane|268|1152;130;1185;1345
2026-02-10T11:15:39.727Z;392;1076;Bb|AABA|2;John Coltrane|126|5024;240;5057;5327
2026-02-10T11:15:41.290Z;388;1169;Eb|A|1;John Coltrane|90|1656;147;1689;1866
2026-02-10T11:15:42.887Z;394;1198;Cmin|ABC|3;John Coltrane|120|4668;319;4701;5050
2026-02-10T11:15:44.427Z;396;1139;F|AA|1;John Coltrane|266|1304;120;1337;1487
2026-02-10T11:15:46.005Z;412;1159;F|AABA|2;John Coltrane|253|2584;215;2617;2862
2026-02-10T11:15:47.598Z;395;1193;Dmin|AABA|2;John Coltrane|204|4700;326;4733;5089
2026-02-10T11:15:49.150Z;408;1122;C|AABC|3;John Coltrane|214|3180;299;3213;3542
2026-02-10T11:15:50.695Z;407;1133;Eb|AABA|2;John Coltrane|277|2560;216;2593;2839
2026-02-10T11:15:52.336Z;416;1199;G|A|1;John Coltrane|189|1236;109;1269;1408
2026-02-10T11:15:53.938Z;418;1158;G|vvAAAB|3;John Coltrane|122|6768;328;6801;7159
2026-02-10T11:15:55.522Z;393;1186;F|ABC|3;John Coltrane|248|6780;455;6813;7298
2026-02-10T11:15:57.092Z;403;1162;F|AABA|2;John Coltrane|131|3520;249;3553;3832
2026-02-10T11:15:58.626Z;394;1135;Fmin|AB|2;John Coltrane|293|2788;234;2821;3085
2026-02-10T11:16:00.145Z;395;1115;Gmin|AABA|2;John Coltrane|130|5008;263;5041;5334
2026-02-10T11:16:01.625Z;405;1071;F|A|1;John Coltrane|152|1800;150;1833;2013
2026-02-10T11:16:03.174Z;424;1121;F|AABA|2;John Coltrane|132|3116;234;3149;3413
2026-02-10T11:16:04.713Z;417;1118;Ab|AABA|2;John Coltrane|297|2464;221;2497;2748
2026-02-10T11:16:06.405Z;392;1294;Cmin|AABBA|2;John Coltrane|91|4140;273;4173;4476
2026-02-10T11:16:08.248Z;482;1355;Eb|BBAA|2;John Coltrane|132|2980;200;3013;3243
2026-02-10T11:16:10.030Z;483;1293;F|AABA|2;John Coltrane|204|2132;179;2165;2374
2026-02-10T11:16:11.884Z;484;1361;Bb|BBAA|2;John Coltrane|178|4304;268;4337;4635
2026-02-10T11:16:13.752Z;496;1365;G|AABA|2;John Coltrane|215|3924;297;3957;4284
2026-02-10T11:16:15.577Z;488;1330;Dmin|AABA|2;John Coltrane|215|3604;233;3637;3900
2026-02-10T11:16:17.403Z;467;1351;Emin|ABB|2;John Coltrane|133|3484;257;3517;3804
2026-02-10T11:16:19.273Z;504;1360;Bb|AABACAA|3;John Coltrane|143|5244;298;5277;5605
2026-02-10T11:16:21.111Z;472;1360;Bb|ABCA|3;John Coltrane|118|5236;304;5269;5603
2026-02-10T11:16:22.923Z;505;1299;F|ABAA|2;John Coltrane|148|3248;232;3281;3543
2026-02-10T11:16:24.719Z;497;1293;C|AABA|2;John Coltrane|223|2440;222;2473;2725
2026-02-10T11:16:26.533Z;485;1323;Bb|BBAA|2;John Coltrane|204|2996;220;3029;3279
2026-02-10T11:16:28.373Z;479;1353;G|AABA|2;John Coltrane|131|3656;258;3689;3977
2026-02-10T11:16:30.209Z;469;1361;Fmin|AABA|2;John Coltrane|238|2532;225;2565;2820
2026-02-10T11:16:32.041Z;482;1344;F|AABA|2;John Coltrane|128|3612;269;3645;3944
2026-02-10T11:16:33.891Z;496;1345;Emin|AABA|2;John Coltrane|154|4332;250;4365;4645
2026-02-10T11:16:35.707Z;474;1335;Ab|AAB|2;John Coltrane|129|3492;212;3525;3767
2026-02-10T11:16:37.547Z;483;1351;G|BBAA|2;John Coltrane|90|3040;203;3073;3306
2026-02-10T11:16:39.307Z;463;1287;Eb|AB|2;John Coltrane|113|3584;239;3617;3886
2026-02-10T11:16:41.135Z;484;1338;C|iiAABA|3;John Coltrane|151|3876;310;3909;4249
2026-02-10T11:16:42.969Z;474;1354;F|ABAC|3;John Coltrane|110|4576;279;4609;4918
2026-02-10T11:16:45.817Z;488;1345;F|AABAA|2;John Coltrane|278|2416;209;2449;2688
2026-02-10T11:16:47.692Z;482;1387;F|AABA|2;John Coltrane|127|5208;275;5241;5546
2026-02-10T11:16:49.519Z;474;1347;G|iiA|2;John Coltrane|123|2868;189;2901;3120
2026-02-10T11:16:51.315Z;485;1303;G|AABA|2;John Coltrane|231|2208;193;2241;2464
2026-02-10T11:16:53.144Z;522;1301;C|AABA|2;John Coltrane|222|3488;248;3521;3799
2026-02-10T11:16:54.974Z;493;1331;G|AABA|2;John Coltrane|258|3344;239;3377;3646
2026-02-10T11:16:56.794Z;515;1299;Db|AABA|2;John Coltrane|285|2484;214;2517;2761
2026-02-10T11:16:58.642Z;499;1342;A|ABB|2;John Coltrane|96|4780;279;4813;5122
2026-02-10T11:17:00.600Z;488;1464;C|ABCD|4;John Coltrane|227|6784;452;6817;7299
2026-02-10T11:17:02.446Z;487;1350;G|AABA|2;John Coltrane|213|2876;232;2909;3171
2026-02-10T11:17:04.314Z;487;1375;G#min|ABAC|3;John Coltrane|122|6556;398;6589;7017
2026-02-10T11:17:06.133Z;471;1341;G|AABA|2;John Coltrane|179|2924;222;2957;3209
2026-02-10T11:17:07.975Z;487;1348;G|vvAABA|3;John Coltrane|99|7124;377;7157;7564
2026-02-10T11:17:09.778Z;454;1342;Ab|AA|1;John Coltrane|279|1248;123;1281;1434
2026-02-10T11:17:11.599Z;497;1317;G|AA|1;John Coltrane|255|1208;121;1241;1392
2026-02-10T11:17:13.578Z;503;1468;F|A|1;John Coltrane|219|1544;149;1577;1756
2026-02-10T11:17:15.675Z;559;1533;C|AABA|2;John Coltrane|98|3100;214;3133;3377
2026-02-10T11:17:17.595Z;508;1405;Bb|AABA|2;John Coltrane|129|4368;255;4401;4686
2026-02-10T11:17:20.876Z;580;1428;C|ABBCA|3;John Coltrane|165|4544;329;4577;4936
2026-02-10T11:17:23.010Z;488;1337;C|AB|2;John Coltrane|286|2644;231;2677;2938
2026-02-10T11:17:24.888Z;514;1357;C|AABCA|3;John Coltrane|253|3212;286;3245;3561
2026-02-10T11:17:26.743Z;501;1344;Eb|AA|1;John Coltrane|108|3024;163;3057;3250
2026-02-10T11:17:28.606Z;503;1355;F|AAB|2;John Coltrane|204|2540;211;2573;2814
2026-02-10T11:17:30.510Z;533;1365;C|iiAAA|2;John Coltrane|249|1876;184;1909;2123
2026-02-10T11:17:32.440Z;515;1407;C|ABAC|3;John Coltrane|210|3552;306;3585;3921
2026-02-10T11:17:34.265Z;514;1305;Emin|AABA|2;John Coltrane|117|3296;193;3329;3552
2026-02-10T11:17:36.098Z;488;1339;Eb|ABAA|2;John Coltrane|187|2908;216;2941;3187
2026-02-10T11:17:37.906Z;473;1325;Emin|AABA|2;John Coltrane|233|2932;272;2965;3267
2026-02-10T11:17:39.747Z;477;1358;C|AABAA|2;John Coltrane|186|2752;201;2785;3016
2026-02-10T11:17:41.597Z;484;1359;Eb|AABAAA|2;John Coltrane|256|2792;232;2825;3087
2026-02-10T11:17:43.524Z;485;1434;C|ABCD|4;John Coltrane|122|7088;397;7121;7548
2026-02-10T11:17:45.337Z;505;1302;C|AABA|2;John Coltrane|114|3344;203;3377;3610
2026-02-10T11:17:47.186Z;478;1364;Eb|AABA|2;John Coltrane|95|4672;270;4705;5005
2026-02-10T11:17:49.042Z;499;1348;Eb|BACA|3;John Coltrane|235|6148;405;6181;6616
2026-02-10T11:17:50.878Z;487;1343;F|BBAA|2;John Coltrane|121|5544;260;5577;5867
2026-02-10T11:17:52.709Z;468;1357;F|A|1;John Coltrane|239|1384;115;1417;1562
2026-02-10T11:17:55.423Z;464;1315;C|AABA|2;John Coltrane|135|4656;256;4689;4975
2026-02-10T11:17:57.338Z;487;1422;F|ABA|2;John Coltrane|298|5416;297;5449;5776
2026-02-10T11:17:59.602Z;475;1294;C|AABAA|2;John Coltrane|157|3376;223;3409;3662
2026-02-10T11:18:01.458Z;499;1349;F|AA|1;John Coltrane|231|1772;129;1805;1964
2026-02-10T11:18:03.762Z;481;1342;Bb|A|1;John Coltrane|235|2968;194;3001;3225
2026-02-10T11:18:05.728Z;502;1456;Bb|ABCA|3;John Coltrane|221|5240;375;5273;5678
2026-02-10T11:18:07.521Z;498;1287;D|AB|2;John Coltrane|290|2340;212;2373;2615
2026-02-10T11:18:09.371Z;501;1343;C|AABA|2;John Coltrane|155|2976;214;3009;3253
2026-02-10T11:18:11.143Z;467;1298;Bbmin|AB|2;John Coltrane|292|2656;228;2689;2947
2026-02-10T11:18:12.934Z;487;1298;Ab|AABA|2;John Coltrane|294|3588;271;3621;3922
2026-02-10T11:18:14.748Z;480;1327;F|AABA|2;John Coltrane|184|2852;222;2885;3137
2026-02-10T11:18:16.611Z;505;1350;Bb|AA|1;John Coltrane|194|1380;111;1413;1554
2026-02-10T11:18:18.416Z;491;1308;Eb|ABACA|3;John Coltrane|98|5064;325;5097;5452
2026-02-10T11:18:20.277Z;489;1366;Bb|ABA|2;John Coltrane|177|2520;215;2553;2798
2026-02-10T11:18:23.108Z;473;1362;Gmin|AB|2;John Coltrane|153|4176;269;4209;4508
2026-02-10T11:18:24.980Z;490;1374;C|ABAC|3;John Coltrane|115|4644;285;4677;4992
2026-02-10T11:18:26.752Z;469;1297;Eb|A|1;John Coltrane|181|1224;115;1257;1402
2026-02-10T11:18:28.607Z;506;1341;C|AABA|2;John Coltrane|171|2892;211;2925;3166
2026-02-10T11:18:30.449Z;486;1350;G|A|1;John Coltrane|255|1200;110;1233;1373
2026-02-10T11:18:32.236Z;471;1310;Ab|AABA|2;John Coltrane|131|2644;211;2677;2918
2026-02-10T11:18:34.170Z;478;1448;Eb|AABA|2;John Coltrane|171|2900;236;2933;3199
2026-02-10T11:18:37.001Z;472;1334;Eb|AABA|2;John Coltrane|297|2776;227;2809;3066
2026-02-10T11:18:38.851Z;500;1344;Cmin|AB|2;John Coltrane|122|2820;208;2853;3091
2026-02-10T11:18:40.618Z;484;1275;F|AABA|2;John Coltrane|137|2496;215;2529;2774
2026-02-10T11:18:42.407Z;517;1266;Eb|A|1;John Coltrane|248|1348;133;1381;1544
2026-02-10T11:18:44.327Z;504;1410;Bb|AABA|2;John Coltrane|254|5948;309;5981;6320
2026-02-10T11:18:46.165Z;499;1331;Cmin|AABA|2;John Coltrane|147|3180;241;3213;3484
2026-02-10T11:18:48.083Z;472;1438;Ab|iiAABA|3;John Coltrane|179|4904;310;4937;5277
2026-02-10T11:18:49.895Z;466;1340;Eb|AABA|2;John Coltrane|140|2548;199;2581;2810
2026-02-10T11:18:51.737Z;485;1350;C|AAABAA|2;John Coltrane|298|1976;199;2009;2238
2026-02-10T11:18:53.628Z;520;1365;Bb|AAB|2;John Coltrane|192|3372;248;3405;3683
2026-02-10T11:18:55.484Z;504;1346;Eb|AABA|2;John Coltrane|266|2148;206;2181;2417
2026-02-10T11:18:57.183Z;495;1196;F|AB|2;John Coltrane|238|2132;201;2165;2396
2026-02-10T11:18:58.989Z;472;1328;G|AABA|2;John Coltrane|204|4144;268;4177;4475
2026-02-10T11:19:00.851Z;489;1366;Emin|AAB|2;John Coltrane|111|5188;310;5221;5561
2026-02-10T11:19:02.779Z;497;1422;Bb|ABAC|3;John Coltrane|97|5888;317;5921;6268
2026-02-10T11:19:04.706Z;484;1436;Eb|AB|2;John Coltrane|297|4868;266;4901;5197
2026-02-10T11:19:07.453Z;488;1269;Bb|iiAAA|2;John Coltrane|155|2456;206;2489;2725
2026-02-10T11:19:09.304Z;476;1363;F|A|1;John Coltrane|207|2352;143;2385;2558
2026-02-10T11:19:11.077Z;454;1313;G|ABBAA|2;John Coltrane|204|1784;197;1817;2044
2026-02-10T11:19:12.961Z;498;1380;C|AABA|2;John Coltrane|139|6220;344;6253;6627
2026-02-10T11:19:14.840Z;484;1387;F|AAB|2;John Coltrane|200|3448;228;3481;3739
2026-02-10T11:19:16.699Z;493;1359;Db|AABA|2;John Coltrane|278|2248;226;2281;2537
2026-02-10T11:19:18.569Z;508;1356;Eb|BCA|3;John Coltrane|107|6056;360;6089;6479
2026-02-10T11:19:20.469Z;481;1412;G|ABAC|3;John Coltrane|269|4468;339;4501;4870
2026-02-10T11:19:22.354Z;526;1352;Cmin|AABA|2;John Coltrane|247|1688;212;1721;1963
2026-02-10T11:19:24.221Z;505;1356;F|AB|2;John Coltrane|151|3272;202;3305;3537
2026-02-10T11:19:26.066Z;494;1342;Bmin|AABA|2;John Coltrane|194|2192;176;2225;2431
2026-02-10T11:19:27.907Z;491;1343;Eb|AABC|3;John Coltrane|104|4616;288;4649;4967
2026-02-10T11:19:30.230Z;471;1362;Amin|AABA|2;John Coltrane|171|4348;257;4381;4668
2026-02-10T11:19:32.032Z;497;1298;Bb|AABA|2;John Coltrane|129|2628;202;2661;2893
2026-02-10T11:19:33.833Z;478;1317;F|A|1;John Coltrane|187|1580;137;1613;1780
2026-02-10T11:19:35.668Z;493;1335;Ab|AA|1;John Coltrane|118|2872;163;2905;3098
2026-02-10T11:19:37.507Z;500;1330;C|AABAA|2;John Coltrane|244|2752;193;2785;3008
2026-02-10T11:19:39.329Z;509;1307;F|A|1;John Coltrane|121|1804;106;1837;1973
2026-02-10T11:19:41.174Z;494;1344;F|AABA|2;John Coltrane|103|2408;189;2441;2660
2026-02-10T11:19:43.016Z;479;1354;Eb|BACA|3;John Coltrane|191|3856;292;3889;4211
2026-02-10T11:19:44.886Z;485;1378;F|ABCD|4;John Coltrane|239|4916;417;4949;5396
2026-02-10T11:19:46.736Z;485;1359;Eb|iiAAB|3;John Coltrane|222|2020;268;2053;2351
2026-02-10T11:19:48.537Z;467;1327;C|ABBA|2;John Coltrane|297|2600;212;2633;2875
2026-02-10T11:19:50.326Z;490;1293;Ab|A|1;John Coltrane|154|1284;134;1317;1481
2026-02-10T11:19:52.178Z;471;1374;Bb|AABA|2;John Coltrane|133|4752;298;4785;5113
2026-02-10T11:19:54.012Z;487;1340;C|ABCA|3;John Coltrane|175|4964;270;4997;5297
2026-02-10T11:19:56.319Z;486;1334;F|AABC|3;John Coltrane|246|2992;276;3025;3331
2026-02-10T11:19:58.319Z;577;1417;Eb|AABA|2;John Coltrane|112|4536;262;4569;4861
2026-02-10T11:20:00.676Z;498;1349;G|AABA|2;John Coltrane|256|2556;188;2589;2807
2026-02-10T11:20:02.526Z;498;1346;Fmin|ABB|2;John Coltrane|127|4020;272;4053;4355
2026-02-10T11:20:04.341Z;503;1305;Cmin|ABAC|3;John Coltrane|198|4680;339;4713;5082
2026-02-10T11:20:06.210Z;501;1360;F|BACA|3;John Coltrane|137|5064;308;5097;5435
2026-02-10T11:20:08.012Z;472;1325;Eb|AAA|1;John Coltrane|179|2760;159;2793;2982
2026-02-10T11:20:09.847Z;504;1324;Eb|AABA|2;John Coltrane|106|4192;243;4225;4498
2026-02-10T11:20:11.801Z;503;1443;Eb|iABCD|5;John Coltrane|269|6200;549;6233;6812
2026-02-10T11:20:13.629Z;486;1336;Amin|AA|1;John Coltrane|156|1856;133;1889;2052
2026-02-10T11:20:15.450Z;487;1327;C|AABA|2;John Coltrane|179|2816;202;2849;3081
2026-02-10T11:20:17.276Z;484;1332;Ab|AABA|2;John Coltrane|236|2516;209;2549;2788
2026-02-10T11:20:19.154Z;493;1379;C|ABAC|3;John Coltrane|157|6668;362;6701;7093
2026-02-10T11:20:20.873Z;490;1223;Eb|A|1;John Coltrane|112|1592;113;1625;1768
2026-02-10T11:20:22.745Z;506;1357;C|AABA|2;John Coltrane|101|2936;218;2969;3217
2026-02-10T11:20:24.619Z;500;1367;Eb|ABC|3;John Coltrane|132|5608;349;5641;6020
2026-02-10T11:20:26.398Z;453;1320;Eb|AABAA|2;John Coltrane|118|3056;251;3089;3370
2026-02-10T11:20:29.190Z;486;1344;F|A|1;John Coltrane|274|808;104;841;975
2026-02-10T11:20:31.073Z;525;1350;F|AABA|2;John Coltrane|262|3776;308;3809;4147
2026-02-10T11:20:32.868Z;477;1313;C|A|1;John Coltrane|92|1956;178;1989;2197
2026-02-10T11:20:34.692Z;488;1330;G|AABA|2;John Coltrane|230|2624;238;2657;2925
2026-02-10T11:20:36.454Z;487;1269;Amin|AA|1;John Coltrane|227|992;119;1025;1174
2026-02-10T11:20:38.306Z;481;1365;C|AABC|3;John Coltrane|173|6212;313;6245;6588
2026-02-10T11:20:40.054Z;463;1277;Eb|ABB|2;John Coltrane|166|3516;232;3549;3811
2026-02-10T11:20:41.806Z;487;1259;C|AABAA|2;John Coltrane|261|2144;197;2177;2404
2026-02-10T11:20:43.646Z;478;1356;F|ABCB|3;John Coltrane|197|5320;335;5353;5718
2026-02-10T11:20:45.498Z;487;1357;Cmin|AB|2;John Coltrane|205|3804;287;3837;4154
2026-02-10T11:20:47.365Z;493;1367;Eb|AA|1;John Coltrane|110|3236;179;3269;3478
2026-02-10T11:20:49.138Z;522;1242;Eb|A|1;John Coltrane|285|1500;132;1533;1695
2026-02-10T11:20:50.907Z;489;1272;C|BBAA|2;John Coltrane|299|2176;183;2209;2422
2026-02-10T11:20:52.748Z;498;1336;Fmin|AABA|2;John Coltrane|183|4668;287;4701;5018
2026-02-10T11:20:54.583Z;490;1337;Bb|ABB|2;John Coltrane|209|2688;227;2721;2978
2026-02-10T11:20:56.408Z;470;1346;C|ABA|2;John Coltrane|255|3248;225;3281;3536
2026-02-10T11:20:58.284Z;511;1357;C|AABAA|2;John Coltrane|203|4212;288;4245;4563
2026-02-10T11:21:00.121Z;469;1361;Ab|ABAC|3;John Coltrane|143|4824;356;4857;5243
2026-02-10T11:21:01.963Z;480;1351;C|BA|2;John Coltrane|162|2660;221;2693;2944
2026-02-10T11:21:03.881Z;497;1413;Bb|ABC|3;John Coltrane|165|4584;275;4617;4922
2026-02-10T11:21:05.792Z;529;1375;Eb|ABAC|3;John Coltrane|213|4572;312;4605;4947
2026-02-10T11:21:07.645Z;484;1362;Dmin|AABA|2;John Coltrane|110|5984;280;6017;6327
2026-02-10T11:21:09.479Z;501;1324;F|AAB|2;John Coltrane|126|3256;204;3289;3523
2026-02-10T11:21:11.292Z;496;1312;Bb|AABA|2;John Coltrane|212|2320;206;2353;2589
2026-02-10T11:21:13.139Z;498;1341;Eb|iiAAAAAAABBCAAAA|4;John Coltrane|131|5888;395;5921;6346
2026-02-10T11:21:14.955Z;460;1350;F|AABA|2;John Coltrane|205|2436;221;2469;2720
2026-02-10T11:21:16.800Z;486;1353;C|AABA|2;John Coltrane|158|3284;251;3317;3598
2026-02-10T11:21:18.650Z;491;1351;Eb|AABA|2;John Coltrane|219|3860;255;3893;4178
2026-02-10T11:21:20.470Z;487;1326;G|A|1;John Coltrane|200|1132;106;1165;1301
2026-02-10T11:21:22.298Z;470;1351;Eb|AABA|2;John Coltrane|115|3380;248;3413;3691
2026-02-10T11:21:24.160Z;507;1345;Amin|AABA|2;John Coltrane|121|3948;233;3981;4244
2026-02-10T11:21:26.056Z;481;1408;Eb|iAA|2;John Coltrane|288|1832;165;1865;2060
2026-02-10T11:21:27.908Z;490;1356;G|AABCAA|3;John Coltrane|141|5092;302;5125;5457
2026-02-10T11:21:29.738Z;466;1355;Bb|AB|2;John Coltrane|156|2948;205;2981;3216
2026-02-10T11:21:31.593Z;494;1353;Ab|AAB|2;John Coltrane|295|4956;318;4989;5337
2026-02-10T11:21:33.442Z;492;1346;G|A|1;John Coltrane|294|1472;128;1505;1663
2026-02-10T11:21:35.294Z;482;1362;F|ABC|3;John Coltrane|166|4288;345;4321;4696
2026-02-10T11:21:37.133Z;489;1342;F|A|1;John Coltrane|233|2024;149;2057;2236
2026-02-10T11:21:38.978Z;495;1344;Emin|BBAA|2;John Coltrane|244|2548;240;2581;2851
2026-02-10T11:21:40.863Z;469;1405;Cmin|AABA|2;John Coltrane|238|3620;267;3653;3950
2026-02-10T11:21:42.653Z;497;1287;C|A|1;John Coltrane|122|1888;111;1921;2062
2026-02-10T11:21:44.507Z;498;1350;F|ABAA|2;John Coltrane|167|2764;212;2797;3039
2026-02-10T11:21:46.346Z;494;1336;Db|A|1;John Coltrane|165|1356;127;1389;1546
2026-02-10T11:21:48.180Z;493;1333;Dmin|AABA|2;John Coltrane|223|3188;236;3221;3487
2026-02-10T11:21:50.049Z;496;1367;F|AAB|2;John Coltrane|166|3060;225;3093;3348
2026-02-10T11:21:51.864Z;484;1319;Eb|AABA|2;John Coltrane|164|2732;203;2765;2998
2026-02-10T11:21:53.690Z;464;1356;Eb|AABA|2;John Coltrane|129|4500;240;4533;4803
2026-02-10T11:21:56.469Z;489;1300;Eb|AABA|2;John Coltrane|207|2580;235;2613;2878
2026-02-10T11:21:58.260Z;463;1320;Bb|AABA|2;John Coltrane|102|3192;214;3225;3469
2026-02-10T11:22:01.036Z;465;1332;Bb|ABA|2;John Coltrane|294|3568;266;3601;3897
2026-02-10T11:22:02.907Z;501;1364;Eb|ABAC|3;John Coltrane|178|4276;290;4309;4629
2026-02-10T11:22:04.773Z;495;1362;F|BACA|3;John Coltrane|284|3928;290;3961;4281
2026-02-10T11:22:06.648Z;501;1367;Eb|ABAC|3;John Coltrane|228|4864;349;4897;5276
2026-02-10T11:22:08.441Z;479;1307;G|AABA|2;John Coltrane|224|2064;193;2097;2320
2026-02-10T11:22:10.262Z;458;1355;G|A|1;John Coltrane|246|1240;110;1273;1413
2026-02-10T11:22:13.026Z;474;1347;Eb|ABAC|3;John Coltrane|148|6312;321;6345;6696
2026-02-10T11:22:14.876Z;484;1361;G|AB|2;John Coltrane|156|3696;256;3729;4015
2026-02-10T11:22:16.684Z;495;1306;G|A|1;John Coltrane|92|1712;113;1745;1888
2026-02-10T11:22:18.530Z;494;1346;Bb|AB|2;John Coltrane|169|3928;240;3961;4231
2026-02-10T11:22:20.411Z;492;1382;F|ABAC|3;John Coltrane|120|4464;298;4497;4825
2026-02-10T11:22:22.238Z;492;1325;Eb|ABB|2;John Coltrane|294|2920;217;2953;3200
2026-02-10T11:22:24.080Z;493;1342;Eb|AABA|2;John Coltrane|204|3200;275;3233;3538
2026-02-10T11:22:25.947Z;479;1381;C|AABA|2;John Coltrane|237|4088;267;4121;4418
2026-02-10T11:22:27.779Z;492;1330;F|AABA|2;John Coltrane|228|2584;264;2617;2911
2026-02-10T11:22:29.628Z;467;1375;F|iABA|3;John Coltrane|295|4852;367;4885;5282
2026-02-10T11:22:31.465Z;500;1330;F|ABA|2;John Coltrane|120|3456;230;3489;3749
2026-02-10T11:22:33.331Z;507;1351;G|AABA|2;John Coltrane|140|6668;310;6701;7041
2026-02-10T11:22:35.156Z;484;1336;C|A|1;John Coltrane|179|1324;119;1357;1506
2026-02-10T11:22:36.972Z;489;1321;C|AABA|2;John Coltrane|170|3684;228;3717;3975
2026-02-10T11:22:38.831Z;498;1352;G|AABA|2;John Coltrane|290|2604;201;2637;2868
2026-02-10T11:22:40.625Z;466;1321;F|A|1;John Coltrane|114|1320;111;1353;1494
2026-02-10T11:22:42.427Z;479;1317;Db|AABA|2;John Coltrane|181|2836;234;2869;3133
2026-02-10T11:22:45.258Z;485;1311;Amin|AABAA|2;John Coltrane|250|2672;235;2705;2970
2026-02-10T11:22:48.078Z;497;1287;F|AABA|2;John Coltrane|246|2516;216;2549;2795
2026-02-10T11:22:49.886Z;477;1322;Eb|AA|1;John Coltrane|174|1572;142;1605;1777
2026-02-10T11:22:51.730Z;494;1342;G|AABA|2;John Coltrane|141|3380;232;3413;3675
2026-02-10T11:22:53.482Z;487;1259;C|BCAAAAA|3;John Coltrane|248|2908;272;2941;3243
2026-02-10T11:22:55.445Z;520;1436;Bb|ABAC|3;John Coltrane|94|6060;328;6093;6451
2026-02-10T11:22:57.274Z;493;1330;C|AAB|2;John Coltrane|288|2656;226;2689;2945
2026-02-10T11:22:59.157Z;491;1385;Dmin|ABBCA|3;John Coltrane|123|5684;303;5717;6050
2026-02-10T11:23:01.859Z;493;1233;E|A|1;John Coltrane|300|1476;131;1509;1670
2026-02-10T11:23:04.614Z;464;1310;Cmin|AABA|2;John Coltrane|282|2920;205;2953;3188
2026-02-10T11:23:06.470Z;490;1358;Eb|AAB|2;John Coltrane|235|3016;235;3049;3314
2026-02-10T11:23:08.336Z;507;1352;C|ABCB|3;John Coltrane|298|3576;281;3609;3920
2026-02-10T11:23:10.079Z;484;1252;C|A|1;John Coltrane|196|1136;122;1169;1321
2026-02-10T11:23:11.893Z;474;1333;F|BBAA|2;John Coltrane|290|1820;189;1853;2072
2026-02-10T11:23:13.708Z;473;1336;Fmin|A|1;John Coltrane|99|432;90;465;585
2026-02-10T11:23:15.639Z;514;1410;C|AABC|3;John Coltrane|157|5992;321;6025;6376
2026-02-10T11:23:17.480Z;505;1329;Ab|ABAC|3;John Coltrane|179|5624;397;5657;6084
2026-02-10T11:23:19.288Z;488;1313;Db|A|1;John Coltrane|289|1464;167;1497;1694
2026-02-10T11:23:21.121Z;471;1355;C|AABA|2;John Coltrane|207|2700;254;2733;3017
2026-02-10T11:23:22.956Z;508;1318;F|BBA|2;John Coltrane|166|3020;263;3053;3346
2026-02-10T11:23:24.778Z;497;1316;Eb|BBA|2;John Coltrane|141|4124;261;4157;4448
2026-02-10T11:23:26.632Z;484;1364;Ab|AABA|2;John Coltrane|117|3100;207;3133;3370
2026-02-10T11:23:28.473Z;490;1342;Dmin|ABC|3;John Coltrane|157|5068;287;5101;5418
2026-02-10T11:23:30.224Z;485;1259;Eb|AABC|3;John Coltrane|148|3696;307;3729;4066
2026-02-10T11:23:32.038Z;469;1338;Dmin|AB|2;John Coltrane|189|5284;245;5317;5592
2026-02-10T11:23:33.923Z;478;1400;F|AABAA|2;John Coltrane|276|3716;267;3749;4046
2026-02-10T11:23:35.754Z;491;1334;C|AABAA|2;John Coltrane|208|1632;165;1665;1860
2026-02-10T11:23:37.556Z;500;1294;F|AB|2;John Coltrane|139|2896;190;2929;3149
2026-02-10T11:23:39.400Z;491;1344;Bb|A|1;John Coltrane|245|1476;135;1509;1674
2026-02-10T11:23:41.241Z;494;1341;G|AB|2;John Coltrane|287|3348;226;3381;3637
2026-02-10T11:23:43.116Z;515;1352;Bb|AABAA|2;John Coltrane|123|4940;214;4973;5217
2026-02-10T11:23:44.921Z;462;1333;Bb|A|1;John Coltrane|99|1308;125;1341;1496
2026-02-10T11:23:46.763Z;487;1347;F|AABA|2;John Coltrane|102|3252;192;3285;3507
2026-02-10T11:23:48.572Z;492;1311;C|AABAA|2;John Coltrane|147|3088;227;3121;3378
2026-02-10T11:23:50.448Z;509;1358;Bb|ABvv|3;John Coltrane|127|7176;391;7209;7630
2026-02-10T11:23:52.273Z;477;1343;G|AABA|2;John Coltrane|264|2808;238;2841;3109
2026-02-10T11:23:54.118Z;491;1347;G|AABA|2;John Coltrane|277|2156;205;2189;2424
2026-02-10T11:23:56.971Z;480;1339;Bb|AABA|2;John Coltrane|108|3304;225;3337;3592
2026-02-10T11:23:58.827Z;506;1343;Bb|ABAB|2;John Coltrane|290|3940;295;3973;4298
2026-02-10T11:24:00.729Z;490;1405;F|AB|2;John Coltrane|266|6456;367;6489;6886
2026-02-10T11:24:02.486Z;493;1256;Bb|A|1;John Coltrane|98|1424;120;1457;1607
2026-02-10T11:24:04.323Z;478;1353;Cmin|ABAC|3;John Coltrane|236|3412;272;3445;3747
2026-02-10T11:24:06.119Z;471;1321;Amin|ABAC|3;John Coltrane|279|3812;378;3845;4253
2026-02-10T11:24:08.016Z;470;1418;F|ABC|3;John Coltrane|157|5112;333;5145;5508
2026-02-10T11:24:09.779Z;489;1267;G|A|1;John Coltrane|161|280;81;313;424
2026-02-10T11:24:11.617Z;487;1344;F|BA|2;John Coltrane|151|3336;204;3369;3603
2026-02-10T11:24:13.378Z;475;1278;G|AAB|2;John Coltrane|255|3348;217;3381;3628
2026-02-10T11:24:15.192Z;464;1343;Ab|A|1;John Coltrane|92|3100;171;3133;3334
2026-02-10T11:24:17.035Z;491;1345;F|BBAA|2;John Coltrane|148|3264;280;3297;3607
2026-02-10T11:24:18.882Z;483;1357;Eb|BBAA|2;John Coltrane|129|4100;331;4133;4494
2026-02-10T11:24:20.710Z;477;1343;F|ABAC|3;John Coltrane|123|4760;287;4793;5110
2026-02-10T11:24:22.573Z;496;1360;Bb|AABA|2;John Coltrane|91|4472;237;4505;4772
2026-02-10T11:24:24.422Z;490;1351;Bb|AA|1;John Coltrane|181|2200;157;2233;2420
2026-02-10T11:24:26.295Z;502;1365;G|AABC|3;John Coltrane|238|4364;273;4397;4700
2026-02-10T11:24:28.188Z;502;1385;F|ABCD|4;John Coltrane|115|6092;414;6125;6569
2026-02-10T11:24:30.069Z;518;1354;Eb|AAB|2;John Coltrane|165|3788;249;3821;4100
2026-02-10T11:24:31.842Z;477;1290;Eb|AAA|1;John Coltrane|169|1696;130;1729;1889
2026-02-10T11:24:33.716Z;499;1369;Bb|ABA|2;John Coltrane|228|2564;205;2597;2832
2026-02-10T11:24:35.560Z;462;1373;Bb|AB|2;John Coltrane|208|2892;204;2925;3159
2026-02-10T11:24:37.313Z;494;1252;Db|AA|1;John Coltrane|142|1720;139;1753;1922
2026-02-10T11:24:39.152Z;497;1335;G|AA|1;John Coltrane|264|1268;135;1301;1466
2026-02-10T11:24:41.012Z;493;1360;F|AABA|2;John Coltrane|183|5652;282;5685;5997
2026-02-10T11:24:42.868Z;515;1334;C|AABA|2;John Coltrane|180|3760;250;3793;4073
2026-02-10T11:24:44.691Z;483;1334;C|ABA|2;John Coltrane|197|3148;238;3181;3449
2026-02-10T11:24:46.529Z;477;1356;Bb|AABC|3;John Coltrane|144|6164;293;6197;6520
2026-02-10T11:24:48.377Z;503;1338;Eb|ABCD|4;John Coltrane|129|6796;400;6829;7259
2026-02-10T11:24:50.247Z;495;1367;C|AABA|2;John Coltrane|260|3476;216;3509;3755
2026-02-10T11:24:52.096Z;514;1326;Db|A|1;John Coltrane|91|1312;129;1345;1504
2026-02-10T11:24:53.958Z;482;1374;Bb|AABC|3;John Coltrane|152|5620;306;5653;5989
2026-02-10T11:24:55.798Z;467;1365;G|AB|2;John Coltrane|131|3364;218;3397;3645
2026-02-10T11:24:58.605Z;509;1300;Bb|AABA|2;John Coltrane|171|2864;223;2897;3150
2026-02-10T11:25:00.465Z;487;1366;G|AB|2;John Coltrane|109|4240;228;4273;4531
2026-02-10T11:25:02.431Z;487;1471;Ab|AABA|2;John Coltrane|207|4716;267;4749;5046
2026-02-10T11:25:04.248Z;483;1324;D|AABA|2;John Coltrane|233|2096;196;2129;2355
2026-02-10T11:25:06.109Z;480;1375;Dmin|ABAC|3;John Coltrane|216|3904;311;3937;4278
2026-02-10T11:25:07.973Z;498;1358;C|iiAABA|3;John Coltrane|223|4416;322;4449;4801
2026-02-10T11:25:09.812Z;501;1329;C|AABA|2;John Coltrane|161|2364;199;2397;2626
2026-02-10T11:25:11.665Z;500;1347;Eb|AB|2;John Coltrane|211|3424;231;3457;3718
2026-02-10T11:25:13.534Z;509;1354;F|A|1;John Coltrane|165|5876;209;5909;6148
2026-02-10T11:25:15.380Z;500;1338;Ab|AB|2;John Coltrane|121|5092;272;5125;5427
2026-02-10T11:25:17.125Z;491;1249;Eb|AABA|2;John Coltrane|233|2976;274;3009;3313
2026-02-10T11:25:18.989Z;483;1374;F|ABA|2;John Coltrane|158|4288;230;4321;4581
2026-02-10T11:25:20.836Z;507;1330;Amin|AABA|2;John Coltrane|282|2356;203;2389;2622
2026-02-10T11:25:22.655Z;470;1341;Bb|BA|2;John Coltrane|183|2352;219;2385;2634
2026-02-10T11:25:24.465Z;487;1317;C|AAA|1;John Coltrane|287|1112;138;1145;1313
2026-02-10T11:25:26.307Z;495;1338;Ab|AABA|2;John Coltrane|242|3332;249;3365;3644
2026-02-10T11:25:28.174Z;497;1365;F|ABAC|3;John Coltrane|246|4624;323;4657;5010
2026-02-10T11:25:30.036Z;506;1347;D|AABA|2;John Coltrane|182|5424;301;5457;5788
2026-02-10T11:25:31.908Z;481;1382;Fmin|ABAA|2;John Coltrane|216|2492;200;2525;2755
2026-02-10T11:25:33.729Z;499;1313;C|AB|2;John Coltrane|247|2584;254;2617;2901
2026-02-10T11:25:35.482Z;480;1267;C|A|1;John Coltrane|106|1952;159;1985;2174
2026-02-10T11:25:37.299Z;476;1332;G|AABA|2;John Coltrane|101|3628;237;3661;3928
2026-02-10T11:25:39.210Z;476;1429;Gmin|AAB|2;John Coltrane|211|3916;285;3949;4264
2026-02-10T11:25:41.040Z;504;1319;F|AA|1;John Coltrane|272|1140;105;1173;1308
2026-02-10T11:25:42.856Z;496;1311;Eb|AB|2;John Coltrane|212|2552;232;2585;2847
2026-02-10T11:25:44.748Z;478;1408;Eb|AB|2;John Coltrane|133|3420;213;3453;3696
2026-02-10T11:25:46.624Z;516;1352;Fmin|AABA|2;John Coltrane|240|5064;303;5097;5430
2026-02-10T11:25:48.497Z;492;1370;Eb|ABAC|3;John Coltrane|171|5128;365;5161;5556
2026-02-10T11:25:50.437Z;470;1463;Eb|ABCDA|4;John Coltrane|259|6732;439;6765;7234
2026-02-10T11:25:52.237Z;483;1310;Gmin|ABAC|3;John Coltrane|149|4636;274;4669;4973
2026-02-10T11:25:54.076Z;479;1352;Fmin|AABA|2;John Coltrane|259|2848;231;2881;3142
2026-02-10T11:25:55.938Z;481;1374;F|AAB|2;John Coltrane|159|5492;290;5525;5845
2026-02-10T11:25:57.719Z;468;1307;C|AABAB|2;John Coltrane|91|2804;210;2837;3077
2026-02-10T11:25:59.512Z;469;1316;Fmin|BBAA|2;John Coltrane|154|5100;266;5133;5429
2026-02-10T11:26:01.377Z;494;1364;Db|AAB|2;John Coltrane|125|3820;268;3853;4151
2026-02-10T11:26:03.348Z;505;1459;Bb|ABAC|3;John Coltrane|213|4744;310;4777;5117
2026-02-10T11:26:05.271Z;490;1423;Eb|AABA|2;John Coltrane|263|4312;264;4345;4639
2026-02-10T11:26:08.054Z;489;1336;C|ABAC|3;John Coltrane|121|5388;355;5421;5806
2026-02-10T11:26:09.915Z;510;1344;Eb|AAB|2;John Coltrane|212|3324;274;3357;3661
2026-02-10T11:26:11.714Z;492;1298;G|AB|2;John Coltrane|269|2484;211;2517;2758
2026-02-10T11:26:13.571Z;501;1350;C|ABAC|3;John Coltrane|279|4860;339;4893;5262
2026-02-10T11:26:15.424Z;487;1360;Bb|AABCA|3;John Coltrane|146|4868;325;4901;5256
2026-02-10T11:26:17.301Z;484;1385;Eb|iABCA|4;John Coltrane|196|6084;434;6117;6581
2026-02-10T11:26:19.158Z;471;1379;F|AABA|2;John Coltrane|102|5824;286;5857;6173
2026-02-10T11:26:21.032Z;493;1374;F|AABA|2;John Coltrane|118|3148;245;3181;3456
2026-02-10T11:26:22.879Z;509;1328;F|AABA|2;John Coltrane|281|2396;189;2429;2648
2026-02-10T11:26:24.743Z;509;1347;C|A|1;John Coltrane|123|2064;150;2097;2277
2026-02-10T11:26:26.546Z;470;1327;F|AA|1;John Coltrane|183|1820;161;1853;2044
2026-02-10T11:26:28.396Z;488;1354;F|AABA|2;John Coltrane|94|4936;241;4969;5240
2026-02-10T11:26:30.224Z;466;1355;C|AABA|2;John Coltrane|138|4756;264;4789;5083
2026-02-10T11:26:32.043Z;502;1309;Ab|AABA|2;John Coltrane|134|3648;232;3681;3943
2026-02-10T11:26:33.871Z;460;1359;Fmin|AABAA|2;John Coltrane|133|3456;242;3489;3761
2026-02-10T11:26:35.684Z;487;1320;Gmin|ABAC|3;John Coltrane|175|2792;250;2825;3105
2026-02-10T11:26:37.534Z;493;1350;Fmin|AB|2;John Coltrane|269|2576;229;2609;2868
2026-02-10T11:26:39.340Z;484;1312;Dmin|BBAA|2;John Coltrane|160|2504;220;2537;2787
2026-02-10T11:26:41.282Z;476;1459;Bb|vAABA|3;John Coltrane|252|5564;404;5597;6031
2026-02-10T11:26:43.152Z;476;1388;C|AB|2;John Coltrane|228|3892;249;3925;4204
2026-02-10T11:26:45.009Z;508;1340;C|ABAC|3;John Coltrane|254|3688;257;3721;4008
2026-02-10T11:26:46.837Z;493;1329;F|A|1;John Coltrane|255|1452;127;1485;1642
2026-02-10T11:26:48.702Z;501;1356;C|ABAC|3;John Coltrane|285|3420;294;3453;3777
2026-02-10T11:26:50.568Z;498;1356;F|A|1;John Coltrane|182|1360;109;1393;1532
2026-02-10T11:26:52.436Z;498;1364;C|A|1;John Coltrane|93|2056;150;2089;2269
2026-02-10T11:26:54.231Z;470;1319;C|A|1;John Coltrane|180|1264;133;1297;1460
2026-02-10T11:26:56.119Z;507;1373;C|ABAC|3;John Coltrane|98|5764;370;5797;6197
2026-02-10T11:26:57.963Z;493;1344;C|ABC|3;John Coltrane|299|3868;339;3901;4270
2026-02-10T11:26:59.839Z;492;1378;C|ABAC|3;John Coltrane|119|7384;421;7417;7868
2026-02-10T11:27:01.718Z;491;1380;Eb|ABAC|3;John Coltrane|96|8056;399;8089;8518
2026-02-10T11:27:03.480Z;492;1265;C|A|1;John Coltrane|289|892;103;925;1058
2026-02-10T11:27:05.296Z;490;1321;G|A|1;John Coltrane|272|1680;130;1713;1873
2026-02-10T11:27:07.157Z;499;1353;G|AABC|3;John Coltrane|133|5356;324;5389;5743
2026-02-10T11:27:09.068Z;491;1413;C|AABC|3;John Coltrane|229|3824;318;3857;4205
2026-02-10T11:27:10.894Z;468;1352;F|AABC|3;John Coltrane|273|3924;335;3957;4322
2026-02-10T11:27:12.784Z;502;1380;Amin|ABAC|3;John Coltrane|299|3824;327;3857;4214
2026-02-10T11:27:14.708Z;510;1407;Eb|BBAA|2;John Coltrane|251|3432;286;3465;3781
2026-02-10T11:27:16.579Z;493;1371;C|ABAC|3;John Coltrane|215|3980;325;4013;4368
2026-02-10T11:27:18.371Z;459;1325;E|AABA|2;John Coltrane|211|2284;212;2317;2559
2026-02-10T11:27:20.249Z;491;1380;F|AB|2;John Coltrane|291|2392;196;2425;2651
2026-02-10T11:27:22.062Z;471;1334;C|AABAA|2;John Coltrane|115|2752;204;2785;3019
2026-02-10T11:27:23.975Z;516;1387;F|AABC|3;John Coltrane|103|7272;320;7305;7655
2026-02-10T11:27:25.801Z;484;1336;Amin|ABAC|3;John Coltrane|102|4512;293;4545;4868
2026-02-10T11:27:27.660Z;490;1363;F|A|1;John Coltrane|220|2348;150;2381;2561
2026-02-10T11:27:29.513Z;485;1360;Bb|AABCAAA|3;John Coltrane|117|5224;317;5257;5604
2026-02-10T11:27:31.330Z;470;1342;Eb|ABAC|3;John Coltrane|206|3432;304;3465;3799
2026-02-10T11:27:33.218Z;517;1363;F|ABCD|4;John Coltrane|126|6052;365;6085;6480
2026-02-10T11:27:35.091Z;456;1406;G|ABAC|3;John Coltrane|213|5472;372;5505;5907
2026-02-10T11:27:36.950Z;515;1337;Cmin|AABA|2;John Coltrane|111|4408;270;4441;4741
2026-02-10T11:27:38.819Z;484;1378;Eb|ABAC|3;John Coltrane|225|3968;340;4001;4371
2026-02-10T11:27:40.686Z;481;1378;Bmin|AABBAA|2;John Coltrane|244|6160;339;6193;6562
2026-02-10T11:27:42.550Z;489;1370;G|ABAC|3;John Coltrane|234|5012;334;5045;5409
2026-02-10T11:27:44.409Z;497;1354;F|BBAA|2;John Coltrane|261|2388;198;2421;2649
2026-02-10T11:27:46.213Z;468;1326;C|AB|2;John Coltrane|153|4612;278;4645;4953
2026-02-10T11:27:48.099Z;502;1376;Eb|AABAA|2;John Coltrane|232|3432;254;3465;3749
2026-02-10T11:27:49.937Z;516;1315;G|iiAB|3;John Coltrane|174|3732;290;3765;4085
2026-02-10T11:27:51.763Z;482;1334;Eb|AABA|2;John Coltrane|211|2416;217;2449;2696
2026-02-10T11:27:53.589Z;499;1321;Gmin|AABA|2;John Coltrane|275|3492;279;3525;3834
2026-02-10T11:27:55.407Z;471;1341;Amin|A|1;John Coltrane|175|1492;148;1525;1703
2026-02-10T11:27:57.242Z;514;1313;C|AA|1;John Coltrane|185|1520;140;1553;1723
2026-02-10T11:27:59.134Z;509;1375;F|ABCAA|3;John Coltrane|276|3720;288;3753;4071
2026-02-10T11:28:00.958Z;474;1340;A|AABA|2;John Coltrane|291|3152;346;3185;3561
2026-02-10T11:28:02.782Z;466;1350;F|AA|1;John Coltrane|245|2784;175;2817;3022
2026-02-10T11:28:04.621Z;503;1329;C|ABA|2;John Coltrane|195|4264;277;4297;4604
2026-02-10T11:28:06.391Z;398;1367;C|ABBAA|2;John Coltrane|278|3544;249;3577;3856
2026-02-10T11:28:08.314Z;422;1494;Cmin|AABAA|2;John Coltrane|263|4272;311;4305;4646
2026-02-10T11:28:10.917Z;430;1156;Ab|AABAA|2;John Coltrane|138|3392;247;3425;3702
2026-02-10T11:28:12.452Z;427;1096;C|A|1;John Coltrane|149|1612;110;1645;1785
2026-02-10T11:28:13.921Z;373;1089;Ab|AABA|2;John Coltrane|122|3388;244;3421;3695
2026-02-10T11:28:15.446Z;393;1127;G|ABBAC|3;John Coltrane|189|6112;311;6145;6486
2026-02-10T11:28:16.972Z;402;1119;F|AAA|1;John Coltrane|299|1084;111;1117;1258
2026-02-10T11:28:18.430Z;388;1064;F|A|1;John Coltrane|254|320;93;353;476
2026-02-10T11:28:20.020Z;453;1130;D|ABB|2;John Coltrane|149|4024;223;4057;4310
2026-02-10T11:28:21.645Z;422;1198;Eb|ABAC|3;John Coltrane|118|5848;338;5881;6249
2026-02-10T11:28:23.150Z;388;1111;F|AABC|3;John Coltrane|237|4856;323;4889;5242
2026-02-10T11:28:25.456Z;397;1099;C|BBA|2;John Coltrane|112|3440;251;3473;3754
2026-02-10T11:28:26.947Z;389;1097;Bbmin|AABAA|2;John Coltrane|237|2068;232;2101;2363
2026-02-10T11:28:28.399Z;372;1075;G|A|1;John Coltrane|116|1232;103;1265;1398
2026-02-10T11:28:29.936Z;378;1154;F|ABAC|3;John Coltrane|210|5788;398;5821;6249
2026-02-10T11:28:31.445Z;409;1095;Cmin|AB|2;John Coltrane|245|2384;223;2417;2670
2026-02-10T11:28:32.892Z;389;1052;F|AABA|2;John Coltrane|200|1336;191;1369;1590
2026-02-10T11:28:34.832Z;400;1138;F|AABA|2;John Coltrane|279|2244;210;2277;2517
2026-02-10T11:28:37.284Z;388;1170;Cmin|ABC|3;John Coltrane|116|5692;322;5725;6077
2026-02-10T11:28:38.737Z;374;1074;Eb|AA|1;John Coltrane|124|1852;134;1885;2049
2026-02-10T11:28:40.239Z;389;1107;D|ABAB|2;John Coltrane|212|2480;191;2513;2734
2026-02-10T11:28:42.566Z;420;1140;C|AABA|2;John Coltrane|220|2584;205;2617;2852
2026-02-10T11:28:44.232Z;434;1224;C|AABA|2;John Coltrane|189|2404;192;2437;2659
2026-02-10T11:28:46.064Z;482;1341;Ab|AA|1;John Coltrane|207|1276;126;1309;1465
2026-02-10T11:28:47.952Z;497;1382;Eb|A|1;John Coltrane|212|1212;126;1245;1401
2026-02-10T11:28:49.888Z;487;1443;Ab|ABAC|3;John Coltrane|121|4680;320;4713;5063
2026-02-10T11:28:51.752Z;482;1375;Bb|AABA|2;John Coltrane|239|4784;276;4817;5123
2026-02-10T11:28:53.370Z;481;1124;Eb|AA|1;John Coltrane|185|1404;136;1437;1603
2026-02-10T11:28:54.871Z;402;1094;F|AABA|2;John Coltrane|280|2720;195;2753;2978
2026-02-10T11:28:56.421Z;422;1123;Ab|AABA|2;John Coltrane|145|3064;214;3097;3341
2026-02-10T11:28:57.943Z;393;1124;F|AABA|2;John Coltrane|198|4420;254;4453;4737
2026-02-10T11:28:59.439Z;354;1136;Amin|ABAC|3;John Coltrane|181|3476;325;3509;3864
2026-02-10T11:29:00.964Z;397;1123;G#min|BBAA|2;John Coltrane|182|2968;312;3001;3343
2026-02-10T11:29:03.732Z;413;1130;Eb|AABA|2;John Coltrane|150|3900;218;3933;4181
2026-02-10T11:29:05.266Z;391;1137;Gmin|AABA|2;John Coltrane|231|3268;265;3301;3596
2026-02-10T11:29:06.821Z;397;1152;Bb|iiAA|2;John Coltrane|172|3304;233;3337;3600
2026-02-10T11:29:08.344Z;402;1115;Eb|ABAC|3;John Coltrane|203|5272;385;5305;5720
2026-02-10T11:29:09.809Z;387;1072;Db|AB|2;John Coltrane|268|2356;220;2389;2639
2026-02-10T11:29:11.333Z;406;1110;Bb|ABA|2;John Coltrane|112|2724;217;2757;3004
2026-02-10T11:29:12.915Z;404;1173;G#min|A|1;John Coltrane|205|1840;133;1873;2036
2026-02-10T11:29:15.194Z;406;1088;Bb|iAAAA|2;John Coltrane|173|1872;194;1905;2129
2026-02-10T11:29:16.714Z;408;1106;Eb|AABA|2;John Coltrane|159|2884;213;2917;3160
2026-02-10T11:29:18.280Z;418;1143;F|AB|2;John Coltrane|141|4000;216;4033;4279
2026-02-10T11:29:19.791Z;387;1119;G#min|AABA|2;John Coltrane|275|2524;215;2557;2802
2026-02-10T11:29:21.393Z;422;1175;F|ABAC|3;John Coltrane|101|6088;365;6121;6516
2026-02-10T11:29:22.904Z;395;1110;G|AABA|2;John Coltrane|232|2684;203;2717;2950
2026-02-10T11:29:24.395Z;389;1097;G|AB|2;John Coltrane|133|1436;177;1469;1676
2026-02-10T11:29:26.369Z;408;1149;Fmin|AABA|2;John Coltrane|212|3548;263;3581;3874
2026-02-10T11:29:27.963Z;402;1185;Dmin|iAABA|3;John Coltrane|260|2916;288;2949;3267
2026-02-10T11:29:29.503Z;444;1089;C|AAB|2;John Coltrane|150|2012;182;2045;2257
2026-02-10T11:29:31.046Z;403;1134;Eb|AABA|2;John Coltrane|210|2568;217;2601;2848
2026-02-10T11:29:32.562Z;391;1120;Eb|AABA|2;John Coltrane|123|3652;209;3685;3924
2026-02-10T11:29:34.087Z;392;1127;F|AB|2;John Coltrane|129|3724;262;3757;4049
2026-02-10T11:29:35.629Z;403;1132;F|AAB|2;John Coltrane|140|4064;205;4097;4332
2026-02-10T11:29:37.237Z;393;1211;Bb|ABAC|3;John Coltrane|181|5256;297;5289;5616
2026-02-10T11:29:38.845Z;397;1205;F|ABC|3;John Coltrane|210|5704;360;5737;6127
2026-02-10T11:29:40.375Z;403;1123;Bb|AA|1;John Coltrane|288|752;114;785;929
2026-02-10T11:29:41.961Z;414;1166;F|AABA|2;John Coltrane|191|5136;269;5169;5468
2026-02-10T11:29:43.469Z;387;1116;F|AAAB|2;John Coltrane|150|2908;209;2941;3180
2026-02-10T11:29:44.973Z;395;1105;Cmin|AA|1;John Coltrane|191|1496;147;1529;1706
2026-02-10T11:29:46.558Z;402;1178;Eb|A|1;John Coltrane|244|1536;144;1569;1743
2026-02-10T11:29:48.162Z;413;1184;F|BACA|3;John Coltrane|269|4332;290;4365;4685
2026-02-10T11:29:49.752Z;405;1179;Eb|AABA|2;John Coltrane|296|2096;195;2129;2354
2026-02-10T11:29:51.437Z;392;1289;C|AABA|2;John Coltrane|133|2892;203;2925;3158
2026-02-10T11:29:53.024Z;387;1195;Bb|ABA|2;John Coltrane|207|3748;224;3781;4035
2026-02-10T11:29:54.547Z;396;1120;Ab|A|1;John Coltrane|144|1784;138;1817;1985
2026-02-10T11:29:56.058Z;405;1100;Eb|AABA|2;John Coltrane|199|2168;191;2201;2422
2026-02-10T11:29:58.504Z;408;1233;Eb|AABA|2;John Coltrane|277|2316;222;2349;2601
2026-02-10T11:30:00.104Z;391;1202;F|AABC|3;John Coltrane|166|4824;316;4857;5203
2026-02-10T11:30:01.720Z;400;1211;Bb|iAABA|3;John Coltrane|250|3856;329;3889;4248
2026-02-10T11:30:03.299Z;414;1159;Bb|AB|2;John Coltrane|289|2244;197;2277;2504
2026-02-10T11:30:04.860Z;408;1148;Bbmin|AABA|2;John Coltrane|287|2360;203;2393;2626
2026-02-10T11:30:06.323Z;386;1071;C|AABBAA|2;John Coltrane|165|3196;254;3229;3513
2026-02-10T11:30:07.868Z;419;1121;C|A|1;John Coltrane|285|1396;142;1429;1601
2026-02-10T11:30:09.393Z;387;1131;Eb|A|1;John Coltrane|251|1268;132;1301;1463
2026-02-10T11:30:10.893Z;405;1089;Amin|ABAB|2;John Coltrane|282|2832;255;2865;3150
2026-02-10T11:30:12.510Z;397;1213;Eb|ABAC|3;John Coltrane|243|4852;364;4885;5279
2026-02-10T11:30:14.015Z;411;1089;Eb|A|1;John Coltrane|173|1380;118;1413;1561
2026-02-10T11:30:15.666Z;402;1243;F|AABA|2;John Coltrane|143|9116;338;9149;9517
2026-02-10T11:30:17.311Z;418;1222;Eb|AABA|2;John Coltrane|138|7224;303;7257;7590
2026-02-10T11:30:18.923Z;407;1200;Ab|ABAC|3;John Coltrane|204|4900;313;4933;5276
2026-02-10T11:30:20.472Z;413;1130;F|ABA|2;John Coltrane|214|2600;212;2633;2875
2026-02-10T11:30:22.505Z;445;1156;Eb|A|1;John Coltrane|106|1704;154;1737;1921
2026-02-10T11:30:24.026Z;387;1128;C|AABA|2;John Coltrane|99|2556;190;2589;2809
2026-02-10T11:30:25.594Z;380;1182;C|AB|2;John Coltrane|106|4476;277;4509;4816
2026-02-10T11:30:27.191Z;429;1163;C|A|1;John Coltrane|235|1836;137;1869;2036
2026-02-10T11:30:28.706Z;408;1102;Fmin|ABAC|3;John Coltrane|125|6740;363;6773;7166
2026-02-10T11:30:30.299Z;405;1182;C|ABA|2;John Coltrane|259|2660;212;2693;2935
2026-02-10T11:30:31.852Z;405;1142;G|AABA|2;John Coltrane|169|3008;219;3041;3290
2026-02-10T11:30:33.341Z;406;1078;F|A|1;John Coltrane|163|1300;114;1333;1477
2026-02-10T11:30:34.986Z;423;1216;F|ABAC|3;John Coltrane|99|6488;453;6521;7004
2026-02-10T11:30:36.463Z;412;1058;G|AAA|1;John Coltrane|189|1448;137;1481;1648
2026-02-10T11:30:38.063Z;406;1188;Dmin|ABC|3;John Coltrane|230|6396;386;6429;6845
2026-02-10T11:30:39.667Z;451;1147;Bb|A|1;John Coltrane|277|1288;122;1321;1473
2026-02-10T11:30:41.278Z;412;1192;G|AABA|2;John Coltrane|203|4088;255;4121;4406
2026-02-10T11:30:42.894Z;404;1206;Bbmin|iiAB|3;John Coltrane|195|4832;335;4865;5230
2026-02-10T11:30:44.487Z;411;1176;Ab|AB|2;John Coltrane|183|4260;274;4293;4597
2026-02-10T11:30:46.144Z;408;1243;Ab|ABCD|4;John Coltrane|116|7612;475;7645;8150
2026-02-10T11:30:47.691Z;431;1109;C|iiA|2;John Coltrane|262|1392;162;1425;1617
2026-02-10T11:30:49.216Z;395;1123;Bb|ABAi|3;John Coltrane|241|2508;241;2541;2812
2026-02-10T11:30:50.770Z;402;1147;C|AABA|2;John Coltrane|237|1596;215;1629;1874
2026-02-10T11:30:52.389Z;424;1189;Dmin|AABA|2;John Coltrane|92|3388;242;3421;3693
2026-02-10T11:30:53.860Z;381;1083;Ebmin|AA|1;John Coltrane|100|1736;161;1769;1960
2026-02-10T11:30:55.784Z;404;1119;Ebmin|AABA|2;John Coltrane|186|2836;263;2869;3162
2026-02-10T11:30:57.379Z;402;1187;Eb|ABA|2;John Coltrane|256|2596;254;2629;2913
2026-02-10T11:30:59.750Z;408;1130;F|ABAC|3;John Coltrane|295|3132;278;3165;3473
2026-02-10T11:31:01.306Z;399;1151;Cmin|AABA|2;John Coltrane|257|2744;220;2777;3027
2026-02-10T11:31:03.278Z;397;1159;Eb|ABAC|3;John Coltrane|218|3604;292;3637;3959
2026-02-10T11:31:04.838Z;412;1143;Eb|AABA|2;John Coltrane|144|3552;230;3585;3845
2026-02-10T11:31:06.417Z;401;1169;Ab|ABAi|3;John Coltrane|254|2540;232;2573;2835
2026-02-10T11:31:08.008Z;400;1185;Eb|BAA|2;John Coltrane|183|1536;169;1569;1768
2026-02-10T11:31:09.635Z;409;1213;F|ABCD|4;John Coltrane|92|8644;414;8677;9121
2026-02-10T11:31:11.166Z;401;1124;F|AABAA|2;John Coltrane|284|2692;241;2725;2996
2026-02-10T11:31:12.781Z;402;1206;C|AABC|3;John Coltrane|104|6560;346;6593;6969
2026-02-10T11:31:14.371Z;384;1199;Cmin|ABC|3;John Coltrane|128|6868;395;6901;7326
2026-02-10T11:31:16.757Z;408;1125;F|ABAC|3;John Coltrane|189|3796;282;3829;4141
2026-02-10T11:31:18.316Z;409;1141;Bb|ABC|3;John Coltrane|230|4192;332;4225;4587
2026-02-10T11:31:19.968Z;419;1227;C|ABCD|4;John Coltrane|130|7816;493;7849;8372
2026-02-10T11:31:21.478Z;381;1124;Eb|A|1;John Coltrane|250|1284;126;1317;1473
2026-02-10T11:31:23.130Z;405;1242;C|AABA|2;John Coltrane|260|3600;217;3633;3880
2026-02-10T11:31:24.670Z;398;1133;F|A|1;John Coltrane|294|1248;124;1281;1435
2026-02-10T11:31:26.186Z;400;1109;Bb|A|1;John Coltrane|197|1224;128;1257;1415
2026-02-10T11:31:27.814Z;403;1220;F|ABAC|3;John Coltrane|182|5176;329;5209;5568
2026-02-10T11:31:29.344Z;391;1133;Eb|A|1;John Coltrane|108|1784;140;1817;1987
2026-02-10T11:31:31.327Z;415;1168;G|AB|2;John Coltrane|218|2296;268;2329;2627
2026-02-10T11:31:32.874Z;403;1138;Eb|AABA|2;John Coltrane|141|3764;258;3797;4085
2026-02-10T11:31:34.377Z;390;1108;Dmin|AA|1;John Coltrane|111|2016;166;2049;2245
2026-02-10T11:31:35.946Z;397;1165;Bb|AABA|2;John Coltrane|170|3544;274;3577;3881
2026-02-10T11:31:37.521Z;407;1163;Eb|A|1;John Coltrane|234|1200;126;1233;1389
2026-02-10T11:31:39.076Z;420;1130;A|AAAB|2;John Coltrane|288|2460;193;2493;2716
2026-02-10T11:31:40.493Z;401;1011;Bb|A|1;John Coltrane|189|2176;132;2209;2371
2026-02-10T11:31:42.113Z;388;1225;D|BACA|3;John Coltrane|101|6012;377;6045;6452
2026-02-10T11:31:43.644Z;387;1138;Ab|AABA|2;John Coltrane|206|1468;162;1501;1693
2026-02-10T11:31:45.158Z;401;1108;G|AABA|2;John Coltrane|171|2796;193;2829;3052
2026-02-10T11:31:46.755Z;408;1184;Bb|AABA|2;John Coltrane|107|4916;258;4949;5237
2026-02-10T11:31:48.258Z;394;1103;A|A|1;John Coltrane|112|1488;121;1521;1672
2026-02-10T11:31:49.874Z;407;1204;C|ABAC|3;John Coltrane|269|4756;395;4789;5214
2026-02-10T11:31:51.437Z;404;1155;F|AAB|2;John Coltrane|145|5188;249;5221;5500
2026-02-10T11:31:53.036Z;407;1187;Gmin|AABA|2;John Coltrane|121|6920;331;6953;7314
2026-02-10T11:31:54.639Z;402;1195;F|BBCA|3;John Coltrane|244|3612;263;3645;3938
2026-02-10T11:31:56.211Z;429;1138;F|AAAA|1;John Coltrane|267|1280;115;1313;1458
2026-02-10T11:31:57.765Z;402;1146;Bb|AABA|2;John Coltrane|262|3876;248;3909;4187
2026-02-10T11:31:59.303Z;392;1141;Eb|A|1;John Coltrane|140|1672;147;1705;1882
2026-02-10T11:32:00.860Z;418;1133;Dmin|iiABB|3;John Coltrane|113|4684;341;4717;5088
2026-02-10T11:32:02.385Z;389;1131;Ab|AABAA|2;John Coltrane|188|3024;260;3057;3347
2026-02-10T11:32:03.920Z;400;1128;Bb|AB|2;John Coltrane|142|4340;213;4373;4616
2026-02-10T11:32:05.450Z;395;1130;F|AA|1;John Coltrane|160|1180;114;1213;1357
2026-02-10T11:32:07.014Z;391;1167;Bb|ABCA|3;John Coltrane|234|3336;293;3369;3692
2026-02-10T11:32:08.541Z;393;1130;G|A|1;John Coltrane|236|1292;110;1325;1465
2026-02-10T11:32:10.087Z;395;1145;Ab|AAA|1;John Coltrane|126|2996;151;3029;3210
2026-02-10T11:32:11.612Z;377;1142;Eb|AABA|2;John Coltrane|109|3696;282;3729;4041
2026-02-10T11:32:13.226Z;407;1201;F|AAB|2;John Coltrane|276|3392;225;3425;3680
2026-02-10T11:32:14.766Z;398;1136;Dmin|ABA|2;John Coltrane|93|3096;230;3129;3389
2026-02-10T11:32:16.298Z;407;1119;Bb|BBAA|2;John Coltrane|219|3388;226;3421;3677
2026-02-10T11:32:17.809Z;403;1102;F|AA|1;John Coltrane|135|2016;140;2049;2219
2026-02-10T11:32:19.351Z;390;1145;Bmin|ABAA|2;John Coltrane|196|2804;229;2837;3096
2026-02-10T11:32:20.883Z;390;1137;Eb|AAB|2;John Coltrane|248|3336;238;3369;3637
2026-02-10T11:32:22.471Z;414;1168;C|AABA|2;John Coltrane|227|2028;198;2061;2289
2026-02-10T11:32:24.009Z;397;1134;F|AABA|2;John Coltrane|224|3692;238;3725;3993
2026-02-10T11:32:25.515Z;403;1096;D|AABA|2;John Coltrane|148|3444;187;3477;3694
2026-02-10T11:32:27.030Z;392;1118;Bb|AA|1;John Coltrane|263|2212;170;2245;2445
2026-02-10T11:32:28.557Z;394;1127;C|AB|2;John Coltrane|195|4356;278;4389;4697
2026-02-10T11:32:30.085Z;384;1139;C|AABA|2;John Coltrane|221|2012;190;2045;2265
2026-02-10T11:32:31.705Z;447;1167;C|AABA|2;John Coltrane|145|3548;241;3581;3852
2026-02-10T11:32:33.370Z;419;1240;Bb|ABAC|3;John Coltrane|300|4948;387;4981;5398
2026-02-10T11:32:35.724Z;403;1127;C|AABA|2;John Coltrane|128|3484;220;3517;3767
2026-02-10T11:32:37.292Z;418;1143;C|AABA|2;John Coltrane|222|2532;325;2565;2920
2026-02-10T11:32:38.886Z;415;1174;Cmin|AABA|2;John Coltrane|139|3788;249;3821;4100
2026-02-10T11:32:41.245Z;415;1134;Bb|ABB|2;John Coltrane|264|3352;240;3385;3655
2026-02-10T11:32:42.799Z;410;1137;F|AABA|2;John Coltrane|177|4336;224;4369;4623
2026-02-10T11:32:44.389Z;394;1191;F|ABAC|3;John Coltrane|172|4976;332;5009;5371
2026-02-10T11:32:45.901Z;383;1124;G|AABA|2;John Coltrane|100|3856;209;3889;4128
2026-02-10T11:35:20.520Z;447;1684;Eb|AABA|2;John Coltrane|233|4372;247;4405;4682
2026-02-10T11:36:04.000Z;525;1029;C|A|1;John Coltrane|271|732;110;765;905
2026-02-10T11:36:35.180Z;421;1022;Dmin|BBAA|2;John Coltrane|235|2400;194;2433;2657
2026-02-10T11:36:38.549Z;421;1090;F|AB|2;John Coltrane|107|4316;229;4349;4608
2026-02-10T11:56:22.803Z;424;1029;Eb|ABAC|3;John Coltrane|228|3540;335;3573;3938
2026-02-10T11:56:24.491Z;464;1215;F|AABA|2;John Coltrane|245|4336;256;4369;4655
2026-02-10T12:48:34.801Z;460;1136;C|AAA|1;John Coltrane|120|1704;110;1737;1877
2026-02-10T12:48:36.387Z;430;1147;Bb|AABA|2;John Coltrane|249|3320;227;3353;3610
2026-02-10T12:48:52.721Z;525;1345;Db|AB|2;John Coltrane|243|2052;212;2085;2327
2026-02-10T13:02:06.019Z;729;1900;Cmin|AAB|2;John Coltrane|144|3716;263;3749;4042
2026-02-10T13:02:19.077Z;703;1905;F|AABA|2;John Coltrane|158|4540;221;4573;4824
2026-02-10T13:02:47.937Z;846;2134;F|ABCA|3;John Coltrane|107|4388;264;4421;4715
2026-02-10T13:02:50.623Z;791;1878;G|AABA|2;John Coltrane|93|2928;265;2961;3256
2026-02-10T13:03:19.755Z;801;2009;Bb|AABA|2;John Coltrane|99|4448;268;4481;4779
2026-02-10T13:03:23.031Z;856;2406;Dmin|AB|2;John Coltrane|86|3844;220;3877;4127
2026-02-10T13:04:23.283Z;1093;2575;Eb|AABC|3;John Coltrane|83|6524;404;6557;6992
