timestamp,key,structure,time_ms,size_bytes
2026-02-10T11:03:52.680Z,Fmin,BA,424,248
2026-02-10T11:03:54.885Z,Ab,AABA,414,256
2026-02-10T11:03:56.489Z,G,ABC,398,316
2026-02-10T11:03:58.132Z,Db,AABA,468,218
2026-02-10T11:03:59.954Z,F,AB,494,206
2026-02-10T11:04:01.835Z,Eb,ABCA,510,317
2026-02-10T11:04:03.752Z,Eb,AA,497,148
2026-02-10T11:04:05.652Z,Bb,AABA,554,283
2026-02-10T11:04:07.637Z,F,ABAC,525,267
2026-02-10T11:04:09.608Z,C,AB,531,235
2026-02-10T11:04:11.600Z,Bb,A,546,180
2026-02-10T11:04:13.626Z,Eb,AABA,554,269
2026-02-10T11:04:15.600Z,G,AAAB,450,261
2026-02-10T11:04:17.261Z,Eb,AA,435,118
2026-02-10T11:04:18.901Z,G,AABA,429,228
2026-02-10T11:04:20.522Z,Cmin,ABAD,453,382
2026-02-10T11:04:22.231Z,G,ABCA,411,375
2026-02-10T11:04:23.853Z,Eb,BACA,415,327
2026-02-10T11:04:25.446Z,Fmin,AA,412,144
2026-02-10T11:04:27.042Z,C,AA,388,128
2026-02-10T11:04:28.557Z,Bb,AABA,458,223
2026-02-10T11:04:30.455Z,Dmin,AABA,527,212
2026-02-10T11:04:32.692Z,Bb,ABAC,564,267
2026-02-10T11:04:34.576Z,Eb,A,490,134
2026-02-10T11:04:36.672Z,Bb,AABA,486,278
2026-02-10T11:04:38.622Z,Bb,AAB,503,244
2026-02-10T11:04:40.453Z,Bb,ABAC,485,381
2026-02-10T11:04:42.376Z,Eb,AAB,483,241
2026-02-10T11:04:44.296Z,Dmin,AB,492,225
2026-02-10T11:04:46.112Z,F,ABB,471,250
2026-02-10T11:04:47.959Z,Eb,AB,481,262
2026-02-10T11:04:49.933Z,Ab,BBAA,536,253
2026-02-10T11:04:51.785Z,G,AA,498,135
2026-02-10T11:04:53.653Z,C,ABAC,501,307
2026-02-10T11:04:55.461Z,G,A,487,157
2026-02-10T11:04:57.288Z,Cmin,AABA,499,227
2026-02-10T11:04:58.292Z,Eb,iiA,483,177
2026-02-10T11:05:00.138Z,G,AABA,510,253
2026-02-10T11:05:02.041Z,Ab,ABAC,564,333
2026-02-10T11:05:03.962Z,G,ABA,504,209
2026-02-10T11:05:05.718Z,Eb,ABCDAA,496,448
2026-02-10T11:05:07.582Z,F,AABA,491,239
2026-02-10T11:05:09.402Z,Eb,AAA,465,123
2026-02-10T11:05:11.224Z,Gmin,AABA,503,415
2026-02-10T11:05:13.191Z,C,AABA,499,183
2026-02-10T11:05:14.906Z,Bb,AA,389,96
2026-02-10T11:05:16.419Z,C,AABA,379,257
2026-02-10T11:05:17.902Z,D,AA,389,153
2026-02-10T11:05:19.326Z,F,AABA,383,256
2026-02-10T11:05:20.868Z,Eb,AABA,390,249
2026-02-10T11:05:22.333Z,Dmin,iiA,391,218
2026-02-10T11:05:24.214Z,C,ABBAAAAA,408,215
2026-02-10T11:05:25.738Z,C,AAAA,390,87
2026-02-10T11:05:27.220Z,F,iiAA,383,142
2026-02-10T11:05:28.744Z,C,ABAC,416,324
2026-02-10T11:05:30.702Z,Db,AABCAA,400,415
2026-02-10T11:05:32.221Z,Ab,A,388,134
2026-02-10T11:05:33.678Z,Fmin,AAB,390,268
2026-02-10T11:05:35.197Z,Eb,iABCD,427,444
2026-02-10T11:05:36.844Z,Dmin,AABA,418,154
2026-02-10T11:05:38.402Z,F,AABA,419,333
2026-02-10T11:05:39.971Z,Bb,AABC,389,311
2026-02-10T11:05:41.557Z,Db,ABAC,402,316
2026-02-10T11:05:43.096Z,Bmin,AABA,411,183
2026-02-10T11:05:44.617Z,Bb,ABBA,385,212
2026-02-10T11:05:46.102Z,C,iiAA,388,226
2026-02-10T11:05:47.632Z,C,A,399,103
2026-02-10T11:05:49.130Z,F,A,414,144
2026-02-10T11:05:50.660Z,Dmin,A,395,118
2026-02-10T11:05:52.051Z,Bb,AA,386,113
2026-02-10T11:05:53.546Z,C,AABA,384,254
2026-02-10T11:05:55.056Z,Bb,ABAC,396,293
2026-02-10T11:05:56.626Z,C,AABA,394,217
2026-02-10T11:05:58.150Z,F,AA,394,127
2026-02-10T11:05:59.668Z,C,iAAB,387,295
2026-02-10T11:06:01.167Z,Ab,ABAC,389,314
2026-02-10T11:06:02.733Z,Db,AABA,410,206
2026-02-10T11:06:04.286Z,Eb,ABAC,364,278
2026-02-10T11:06:05.836Z,Amin,AAB,401,231
2026-02-10T11:06:07.339Z,Bb,AA,386,154
2026-02-10T11:06:08.859Z,Ab,ABA,399,265
2026-02-10T11:06:10.419Z,Fmin,AA,408,115
2026-02-10T11:06:11.935Z,F,A,414,132
2026-02-10T11:06:13.453Z,Bb,AB,408,247
2026-02-10T11:06:14.993Z,Ab,A,387,111
2026-02-10T11:06:16.516Z,Eb,AABA,398,228
2026-02-10T11:06:18.038Z,Eb,ABAC,412,396
2026-02-10T11:06:19.758Z,C,AA,403,142
2026-02-10T11:06:21.266Z,Eb,A,394,188
2026-02-10T11:06:22.770Z,Bb,AA,369,117
2026-02-10T11:06:24.296Z,Bb,ABB,390,256
2026-02-10T11:06:25.811Z,Bb,ABA,368,260
2026-02-10T11:06:27.335Z,C,AABA,386,219
2026-02-10T11:06:28.856Z,Eb,ABAC,390,282
2026-02-10T11:06:30.402Z,F,AA,380,143
2026-02-10T11:06:31.959Z,G,ABAC,389,338
2026-02-10T11:06:33.496Z,Amin,AABA,402,225
2026-02-10T11:06:35.030Z,F,AABA,399,192
2026-02-10T11:06:36.568Z,C,AB,399,209
2026-02-10T11:06:38.072Z,Eb,AAB,387,264
2026-02-10T11:06:39.636Z,Cmin,AABA,406,237
2026-02-10T11:06:41.186Z,C,AB,408,197
2026-02-10T11:06:42.776Z,Ab,ABCD,413,409
2026-02-10T11:06:44.399Z,Dmin,AABA,405,296
2026-02-10T11:06:45.949Z,C,AABA,389,216
2026-02-10T11:06:47.462Z,C,AABA,384,185
2026-02-10T11:06:49.017Z,F,AA,404,111
2026-02-10T11:06:50.519Z,Ab,AABA,395,201
2026-02-10T11:06:52.015Z,D,AAABAii,384,398
2026-02-10T11:06:53.652Z,Eb,AABAD,403,343
2026-02-10T11:06:55.159Z,Ab,AABA,387,216
2026-02-10T11:06:57.539Z,C,AABA,415,208
2026-02-10T11:06:59.102Z,Dmin,AABA,400,235
2026-02-10T11:07:00.696Z,C,AAB,445,229
2026-02-10T11:07:02.256Z,C,ABCD,420,465
2026-02-10T11:07:03.802Z,Eb,AB,368,195
2026-02-10T11:07:05.292Z,Bbmin,ABBCAAA,382,304
2026-02-10T11:07:06.818Z,Ab,AAAAA,392,126
2026-02-10T11:07:08.301Z,G,ABA,378,237
2026-02-10T11:07:09.860Z,D,AABA,417,227
2026-02-10T11:07:11.392Z,G,AABA,387,246
2026-02-10T11:07:12.930Z,F,ABCD,411,359
2026-02-10T11:07:14.605Z,Gmin,AB,432,182
2026-02-10T11:07:16.542Z,C,iAB,397,327
2026-02-10T11:07:18.067Z,Eb,AABA,387,199
2026-02-10T11:07:19.599Z,Bb,AABA,401,203
2026-02-10T11:07:21.160Z,F,AA,387,150
2026-02-10T11:07:22.697Z,Eb,BA,401,311
2026-02-10T11:07:24.234Z,F,AB,384,252
2026-02-10T11:07:25.756Z,F,ABA,387,184
2026-02-10T11:07:27.328Z,Bb,BBAv,402,324
2026-02-10T11:07:28.965Z,C,BBAA,411,194
2026-02-10T11:07:30.481Z,Bb,AABA,392,218
2026-02-10T11:07:32.048Z,Eb,A,389,116
2026-02-10T11:07:33.560Z,Cmin,ABB,386,166
2026-02-10T11:07:35.115Z,Ab,A,404,107
2026-02-10T11:07:36.634Z,F,AABA,399,266
2026-02-10T11:07:38.200Z,Ab,ABAC,389,315
2026-02-10T11:07:39.817Z,Bb,AB,392,218
2026-02-10T11:07:41.368Z,Amin,ABAC,398,385
2026-02-10T11:07:42.945Z,Eb,AABAA,395,341
2026-02-10T11:07:44.461Z,Bb,ABA,372,247
2026-02-10T11:07:46.028Z,Cmin,AABA,389,223
2026-02-10T11:07:47.582Z,Eb,AABAi,402,285
2026-02-10T11:07:49.149Z,G,ABAD,426,406
2026-02-10T11:07:50.767Z,C,AABAAAA,403,236
2026-02-10T11:07:52.467Z,Bb,iiAAB,485,287
2026-02-10T11:07:54.384Z,C,AABA,506,267
2026-02-10T11:07:56.210Z,Ab,AAAB,474,227
2026-02-10T11:07:58.054Z,G,ABAC,478,346
2026-02-10T11:08:00.386Z,F,iAABA,487,291
2026-02-10T11:08:02.295Z,F,ABCD,509,430
2026-02-10T11:08:04.193Z,F,AABA,477,187
2026-02-10T11:08:06.052Z,Bb,A,472,133
2026-02-10T11:08:07.834Z,Eb,AB,476,241
2026-02-10T11:08:09.716Z,G,iiAAAA,528,212
2026-02-10T11:08:11.569Z,Dmin,AABA,472,222
2026-02-10T11:08:12.550Z,Amin,ABAC,480,301
2026-02-10T11:08:14.505Z,C,AABA,536,372
2026-02-10T11:08:16.149Z,G,vAB,373,292
2026-02-10T11:08:16.992Z,Eb,AABAA,409,303
2026-02-10T11:08:18.513Z,G,AABA,403,350
2026-02-10T11:08:20.038Z,Bb,ABAC,398,359
2026-02-10T11:08:21.616Z,C#min,BBAA,384,179
2026-02-10T11:08:23.118Z,Db,A,387,179
2026-02-10T11:08:24.590Z,Eb,AABA,398,273
2026-02-10T11:08:25.423Z,Eb,AABA,383,205
2026-02-10T11:08:26.926Z,Eb,AABA,381,176
2026-02-10T11:08:28.457Z,Ab,AB,388,242
2026-02-10T11:08:29.927Z,F,AABA,404,272
2026-02-10T11:08:31.427Z,A,AABA,406,234
2026-02-10T11:08:32.987Z,Db,AABA,413,257
2026-02-10T11:08:34.508Z,Cmin,ABA,402,206
2026-02-10T11:08:36.009Z,C,AAB,387,231
2026-02-10T11:08:37.540Z,Cmin,AAA,386,123
2026-02-10T11:08:39.044Z,C,iAA,407,240
2026-02-10T11:08:40.579Z,C,AA,401,117
2026-02-10T11:08:42.052Z,Bb,AABA,402,249
2026-02-10T11:08:43.981Z,F,AABA,404,246
2026-02-10T11:08:45.502Z,C,AABA,403,227
2026-02-10T11:08:47.021Z,Amin,ABAC,388,375
2026-02-10T11:08:48.593Z,C,ABBCAAA,406,272
2026-02-10T11:08:50.160Z,Eb,AABCD,415,346
2026-02-10T11:08:51.746Z,C,A,404,127
2026-02-10T11:08:52.533Z,Bb,ABAC,411,328
2026-02-10T11:08:54.079Z,Amin,iiAAA,390,180
2026-02-10T11:08:55.590Z,F,A,386,133
2026-02-10T11:08:57.107Z,C,AABA,387,186
2026-02-10T11:08:59.080Z,Ab,ABAC,403,314
2026-02-10T11:09:00.696Z,Fmin,AB,435,217
2026-02-10T11:09:02.306Z,C,A,406,131
2026-02-10T11:09:03.858Z,F,AAB,397,202
2026-02-10T11:09:05.422Z,G,A,412,105
2026-02-10T11:09:06.936Z,Bb,AABBA,392,199
2026-02-10T11:09:08.529Z,Bb,AABAA,400,249
2026-02-10T11:09:10.077Z,Eb,AB,391,213
2026-02-10T11:09:11.621Z,F,ABAB,414,286
2026-02-10T11:09:13.210Z,F,ABAC,391,333
2026-02-10T11:09:14.775Z,Eb,AABA,419,202
2026-02-10T11:09:16.322Z,Emin,AABA,384,248
2026-02-10T11:09:17.853Z,Db,BAA,386,189
2026-02-10T11:09:19.380Z,Eb,AABA,401,282
2026-02-10T11:09:20.958Z,Cmin,ABC,371,332
2026-02-10T11:09:22.599Z,Bb,AABA,402,223
2026-02-10T11:09:24.132Z,F,iiAAA,386,178
2026-02-10T11:09:25.703Z,F,A,403,134
2026-02-10T11:09:27.223Z,F,ABA,399,237
2026-02-10T11:09:28.826Z,G,iAA,391,195
2026-02-10T11:09:30.829Z,Eb,BBAA,404,192
2026-02-10T11:09:32.351Z,F,vAB,401,344
2026-02-10T11:09:33.986Z,Db,ABC,400,356
2026-02-10T11:09:35.490Z,F,AABA,399,231
2026-02-10T11:09:37.053Z,Gmin,ABC,396,324
2026-02-10T11:09:38.601Z,Fmin,AA,384,137
2026-02-10T11:09:39.392Z,F,AABA,406,234
2026-02-10T11:09:40.980Z,F,AB,405,176
2026-02-10T11:09:42.545Z,Eb,A,403,134
2026-02-10T11:09:44.124Z,Bbmin,A,398,104
2026-02-10T11:09:45.630Z,Fmin,AABC,398,294
2026-02-10T11:09:47.154Z,F,iiAABA,388,240
2026-02-10T11:09:48.687Z,Eb,ABA,390,183
2026-02-10T11:09:50.215Z,Ebmin,ABA,392,204
2026-02-10T11:09:51.993Z,F,AABA,423,197
2026-02-10T11:09:53.549Z,Emin,AABA,385,263
2026-02-10T11:09:55.180Z,Eb,ABAB,417,247
2026-02-10T11:09:56.835Z,F,A,488,105
2026-02-10T11:09:58.417Z,F,ABACA,417,353
2026-02-10T11:10:00.000Z,C,AABA,394,203
2026-02-10T11:10:01.567Z,Dmin,AABA,392,209
2026-02-10T11:10:03.127Z,Cmin,AABA,415,267
2026-02-10T11:10:04.689Z,Eb,AABA,401,197
2026-02-10T11:10:06.308Z,F,AABA,411,204
2026-02-10T11:10:07.831Z,Bb,AABA,405,232
2026-02-10T11:10:09.415Z,C,ABAC,414,310
2026-02-10T11:10:11.017Z,Eb,ABC,389,321
2026-02-10T11:10:12.622Z,C,ABCA,403,404
2026-02-10T11:10:14.635Z,Bb,ABB,409,252
2026-02-10T11:10:16.176Z,Cmin,AABA,400,200
2026-02-10T11:10:17.743Z,Eb,AABA,386,205
2026-02-10T11:10:19.288Z,Cmin,AAAB,400,248
2026-02-10T11:10:20.738Z,Bb,A,399,117
2026-02-10T11:10:22.333Z,C,AAB,406,199
2026-02-10T11:10:23.862Z,F,AABA,402,223
2026-02-10T11:10:25.416Z,Bb,AABA,416,224
2026-02-10T11:10:26.959Z,C,AABA,410,248
2026-02-10T11:10:28.552Z,Ab,AABC,388,318
2026-02-10T11:10:30.110Z,Dmin,AAB,409,173
2026-02-10T11:10:31.637Z,Dmin,AABC,386,277
2026-02-10T11:10:33.185Z,Eb,AAB,408,239
2026-02-10T11:10:34.807Z,Bb,AABA,397,235
2026-02-10T11:10:36.409Z,Bb,AB,405,233
2026-02-10T11:10:38.349Z,Bb,AAB,400,208
2026-02-10T11:10:39.828Z,Eb,A,376,153
2026-02-10T11:10:41.712Z,G,ABAC,381,296
2026-02-10T11:10:43.294Z,D,AABA,414,263
2026-02-10T11:10:44.863Z,G,AABAA,427,220
2026-02-10T11:10:46.430Z,Bb,iAA,403,241
2026-02-10T11:10:47.993Z,Ab,AA,399,127
2026-02-10T11:10:48.770Z,Bmin,AABA,404,436
2026-02-10T11:10:50.836Z,Eb,ABAC,392,299
2026-02-10T11:10:52.418Z,F,AAB,431,294
2026-02-10T11:10:53.935Z,C,AAB,403,181
2026-02-10T11:10:55.456Z,Eb,AAB,406,220
2026-02-10T11:10:57.036Z,Eb,AAB,400,272
2026-02-10T11:10:58.646Z,F,AABA,399,213
2026-02-10T11:10:59.449Z,Dmin,ABAC,414,272
2026-02-10T11:11:01.069Z,Bb,AABBA,402,266
2026-02-10T11:11:02.571Z,C,ABAC,386,302
2026-02-10T11:11:04.118Z,G,ABAC,403,306
2026-02-10T11:11:05.725Z,Fmin,AABACAA,401,262
2026-02-10T11:11:07.261Z,C,AAB,382,207
2026-02-10T11:11:08.789Z,Bb,AABA,398,213
2026-02-10T11:11:10.342Z,F,A,385,174
2026-02-10T11:11:11.918Z,Eb,AA,392,124
2026-02-10T11:11:13.453Z,Bb,AABA,402,177
2026-02-10T11:11:14.971Z,C,A,399,118
2026-02-10T11:11:16.505Z,F,AABC,424,291
2026-02-10T11:11:17.339Z,Fmin,AA,396,148
2026-02-10T11:11:18.870Z,Eb,AAB,407,212
2026-02-10T11:11:20.363Z,F,AABA,387,208
2026-02-10T11:11:21.902Z,F,AB,399,254
2026-02-10T11:11:23.433Z,C,AABA,402,227
2026-02-10T11:11:24.938Z,C,ABAC,371,341
2026-02-10T11:11:26.518Z,A,ABAC,393,341
2026-02-10T11:11:28.144Z,Dmin,iiAABA,416,324
2026-02-10T11:11:29.740Z,G,AABA,393,285
2026-02-10T11:11:31.275Z,F#min,AABA,404,205
2026-02-10T11:11:32.876Z,Eb,AABA,425,207
2026-02-10T11:11:34.415Z,Eb,AABA,388,220
2026-02-10T11:11:35.956Z,Bb,ABBD,398,280
2026-02-10T11:11:37.523Z,Fmin,AABA,393,217
2026-02-10T11:11:39.034Z,Bb,AABA,397,316
2026-02-10T11:11:40.956Z,F,ABA,413,164
2026-02-10T11:11:42.480Z,F,AAB,395,255
2026-02-10T11:11:44.007Z,Ab,AABA,387,246
2026-02-10T11:11:45.559Z,Eb,AA,410,129
2026-02-10T11:11:47.104Z,C,ABAC,404,359
2026-02-10T11:11:48.672Z,G,AABA,409,249
2026-02-10T11:11:50.234Z,Eb,A,377,153
2026-02-10T11:11:51.790Z,Gmin,ABAB,407,257
2026-02-10T11:11:53.285Z,Eb,AB,371,232
2026-02-10T11:11:54.835Z,Ab,ABAC,420,398
2026-02-10T11:11:55.678Z,G,AB,413,206
2026-02-10T11:11:56.498Z,C,iA,407,229
2026-02-10T11:11:58.392Z,Bb,iiAABC,387,362
2026-02-10T11:12:00.372Z,F,AABA,393,202
2026-02-10T11:12:01.934Z,C,ABAC,411,289
2026-02-10T11:12:03.505Z,Eb,vAABC,400,522
2026-02-10T11:12:05.441Z,Eb,A,384,154
2026-02-10T11:12:06.988Z,C,vAABBCA,396,366
2026-02-10T11:12:08.597Z,Eb,AABA,397,275
2026-02-10T11:12:10.184Z,C,AABA,404,285
2026-02-10T11:12:11.764Z,D,AABCA,387,388
2026-02-10T11:12:13.366Z,F,A,403,151
2026-02-10T11:12:14.911Z,Eb,iAA,399,206
2026-02-10T11:12:16.458Z,G,iABCDAAAA,393,567
2026-02-10T11:12:18.076Z,C#min,AB,402,234
2026-02-10T11:12:19.573Z,F,AB,391,201
2026-02-10T11:12:21.107Z,F,AABA,401,293
2026-02-10T11:12:22.695Z,G,AB,367,197
2026-02-10T11:12:24.224Z,C,A,403,144
2026-02-10T11:12:25.795Z,Eb,AA,383,122
2026-02-10T11:12:27.334Z,C,AABAA,400,173
2026-02-10T11:12:28.906Z,F,vAB,389,371
2026-02-10T11:12:30.554Z,Bb,AAB,398,288
2026-02-10T11:12:32.179Z,C,A,417,143
2026-02-10T11:12:33.696Z,F,AA,398,88
2026-02-10T11:12:35.227Z,Bb,AAB,414,238
2026-02-10T11:12:36.085Z,Ab,ABC,421,364
2026-02-10T11:12:37.639Z,F,AABA,396,215
2026-02-10T11:12:39.234Z,Fmin,A,398,146
2026-02-10T11:12:40.762Z,F,A,386,117
2026-02-10T11:12:42.302Z,F,AABA,396,216
2026-02-10T11:12:43.896Z,F,AABA,393,195
2026-02-10T11:12:45.395Z,C,AABC,389,296
2026-02-10T11:12:46.981Z,Fmin,AABA,403,240
2026-02-10T11:12:48.517Z,Bb,A,391,137
2026-02-10T11:12:50.065Z,C,ABA,426,192
2026-02-10T11:12:51.586Z,C,A,385,124
2026-02-10T11:12:53.110Z,F,AABA,391,274
2026-02-10T11:12:54.695Z,Ab,ABB,402,233
2026-02-10T11:12:56.248Z,Eb,A,386,105
2026-02-10T11:12:57.772Z,F,AA,421,165
2026-02-10T11:12:59.353Z,F,AABA,400,266
2026-02-10T11:13:00.879Z,Db,AB,388,197
2026-02-10T11:13:02.392Z,Eb,ABBCAAA,400,352
2026-02-10T11:13:03.963Z,Ebmin,AABAC,403,287
2026-02-10T11:13:05.478Z,G,AAB,394,200
2026-02-10T11:13:07.028Z,Cmin,ABAC,390,306
2026-02-10T11:13:08.662Z,E,AA,401,158
2026-02-10T11:13:10.185Z,Ab,BBAA,373,230
2026-02-10T11:13:11.759Z,D,vAABA,401,326
2026-02-10T11:13:13.349Z,Eb,AABA,388,283
2026-02-10T11:13:14.946Z,Bb,AB,417,176
2026-02-10T11:13:16.490Z,Bb,AABA,394,214
2026-02-10T11:13:18.051Z,F,A,405,139
2026-02-10T11:13:19.493Z,Ab,AABA,406,288
2026-02-10T11:13:21.018Z,C,AABA,384,309
2026-02-10T11:13:22.590Z,Ab,AABA,384,289
2026-02-10T11:13:24.127Z,Amin,AABA,401,366
2026-02-10T11:13:25.693Z,G,ABAC,393,324
2026-02-10T11:13:27.208Z,Db,AAA,385,155
2026-02-10T11:13:30.756Z,C,BBAA,401,247
2026-02-10T11:13:32.305Z,Bb,vAABC,421,533
2026-02-10T11:13:33.914Z,C,ABCD,385,379
2026-02-10T11:13:35.572Z,Eb,AB,415,231
2026-02-10T11:13:37.115Z,F,AABA,409,256
2026-02-10T11:13:38.700Z,Eb,ABAA,395,240
2026-02-10T11:13:40.219Z,F,A,392,108
2026-02-10T11:13:41.731Z,Eb,ABAC,400,337
2026-02-10T11:13:43.276Z,Amin,AABA,379,281
2026-02-10T11:13:44.869Z,Eb,AAAA,415,156
2026-02-10T11:13:46.378Z,F,AAB,396,189
2026-02-10T11:13:47.884Z,Eb,ABCD,386,482
2026-02-10T11:13:49.448Z,C,ABAC,403,327
2026-02-10T11:13:51.041Z,Eb,AA,401,147
2026-02-10T11:13:52.592Z,C,AB,427,225
2026-02-10T11:13:54.191Z,F,AABA,414,242
2026-02-10T11:13:56.202Z,Bb,ABBCA,414,299
2026-02-10T11:13:57.810Z,Fmin,AABA,407,291
2026-02-10T11:13:59.364Z,Bb,iiAABAA,404,330
2026-02-10T11:14:00.975Z,Eb,ABAB,394,285
2026-02-10T11:14:02.480Z,Eb,iAA,403,250
2026-02-10T11:14:04.057Z,Ab,AABA,392,269
2026-02-10T11:14:05.649Z,Eb,AABAA,400,208
2026-02-10T11:14:07.176Z,Amin,AABA,391,220
2026-02-10T11:14:08.774Z,F,AABCC,399,356
2026-02-10T11:14:10.378Z,G,AAABA,386,222
2026-02-10T11:14:11.926Z,G#min,ABA,408,260
2026-02-10T11:14:13.509Z,F,AABC,419,334
2026-02-10T11:14:15.129Z,F,AABA,424,264
2026-02-10T11:14:16.690Z,Db,ABCD,386,369
2026-02-10T11:14:18.287Z,Eb,AABAC,397,436
2026-02-10T11:14:19.857Z,C,AAAB,394,255
2026-02-10T11:14:21.391Z,Fmin,AABA,413,215
2026-02-10T11:14:22.954Z,Amin,AABA,423,217
2026-02-10T11:14:24.496Z,Gmin,AABA,405,247
2026-02-10T11:14:26.111Z,Cmin,ABAC,404,325
2026-02-10T11:14:27.650Z,Eb,ABAC,402,377
2026-02-10T11:14:29.301Z,F,AABA,400,173
2026-02-10T11:14:30.900Z,Bb,AABC,428,365
2026-02-10T11:14:32.463Z,Eb,iiAB,410,367
2026-02-10T11:14:34.084Z,Eb,AAB,395,249
2026-02-10T11:14:35.696Z,Eb,iiAABAA,385,305
2026-02-10T11:14:37.311Z,Bb,AABA,393,234
2026-02-10T11:14:38.903Z,Cmin,AABA,407,200
2026-02-10T11:14:40.462Z,Ab,AABA,386,196
2026-02-10T11:14:42.052Z,F,AABA,430,198
2026-02-10T11:14:43.593Z,Bb,ABCDAA,402,382
2026-02-10T11:14:45.212Z,Eb,AA,387,147
2026-02-10T11:14:46.724Z,Ab,AABA,406,223
2026-02-10T11:14:48.687Z,C,BBAA,408,235
2026-02-10T11:14:50.262Z,Bb,ABBCB,394,331
2026-02-10T11:14:51.928Z,C,ABA,414,221
2026-02-10T11:14:53.467Z,C,BBAA,395,137
2026-02-10T11:14:54.985Z,F,A,396,130
2026-02-10T11:14:56.555Z,Dmin,ABCA,415,333
2026-02-10T11:14:58.183Z,Bb,iAABA,397,298
2026-02-10T11:14:59.777Z,G,AABA,415,258
2026-02-10T11:15:01.369Z,C,A,391,123
2026-02-10T11:15:02.917Z,Dmin,ABC,419,351
2026-02-10T11:15:04.561Z,F,AABA,395,182
2026-02-10T11:15:06.100Z,C,AABA,399,215
2026-02-10T11:15:07.686Z,C,ABAB,391,203
2026-02-10T11:15:09.185Z,C,AB,390,203
2026-02-10T11:15:10.741Z,C,ABBCA,388,291
2026-02-10T11:15:12.287Z,Dmin,AB,379,263
2026-02-10T11:15:13.859Z,C,AABA,397,276
2026-02-10T11:15:15.430Z,Eb,ABAC,395,335
2026-02-10T11:15:17.013Z,C,AABAA,404,244
2026-02-10T11:15:18.556Z,C,AABA,380,204
2026-02-10T11:15:20.090Z,F,AABA,405,266
2026-02-10T11:15:21.706Z,G,BBAA,401,218
2026-02-10T11:15:23.237Z,Ab,AABA,388,238
2026-02-10T11:15:24.805Z,Eb,AABA,388,275
2026-02-10T11:15:26.343Z,Ab,AAB,373,213
2026-02-10T11:15:27.819Z,Amin,ABAB,383,215
2026-02-10T11:15:29.395Z,C,AABA,397,246
2026-02-10T11:15:30.901Z,Ab,iAABB,383,321
2026-02-10T11:15:32.479Z,D,AABA,380,257
2026-02-10T11:15:34.086Z,C,AABA,403,239
2026-02-10T11:15:35.634Z,G,A,398,167
2026-02-10T11:15:37.165Z,Fmin,A,386,130
2026-02-10T11:15:38.651Z,Bb,AABA,391,240
2026-02-10T11:15:40.120Z,Eb,A,385,147
2026-02-10T11:15:41.688Z,Cmin,ABC,391,319
2026-02-10T11:15:43.288Z,F,AA,395,120
2026-02-10T11:15:44.845Z,F,AABA,410,215
2026-02-10T11:15:46.404Z,Dmin,AABA,392,326
2026-02-10T11:15:48.028Z,C,AABC,407,299
2026-02-10T11:15:49.561Z,Eb,AABA,404,216
2026-02-10T11:15:51.135Z,G,A,414,109
2026-02-10T11:15:52.779Z,G,vvAAAB,416,328
2026-02-10T11:15:54.335Z,F,ABC,390,455
2026-02-10T11:15:55.929Z,F,AABA,400,249
2026-02-10T11:15:57.490Z,Fmin,AB,392,234
2026-02-10T11:15:59.029Z,Gmin,AABA,393,263
2026-02-10T11:16:00.553Z,F,A,402,150
2026-02-10T11:16:02.052Z,F,AABA,422,234
2026-02-10T11:16:03.594Z,Ab,AABA,414,221
2026-02-10T11:16:05.110Z,Cmin,AABBA,390,273
2026-02-10T11:16:06.892Z,Eb,BBAA,480,200
2026-02-10T11:16:08.736Z,F,AABA,480,179
2026-02-10T11:16:10.521Z,Bb,BBAA,481,268
2026-02-10T11:16:12.386Z,G,AABA,493,297
2026-02-10T11:16:14.246Z,Dmin,AABA,485,233
2026-02-10T11:16:16.051Z,Emin,ABB,464,257
2026-02-10T11:16:17.912Z,Bb,AABACAA,502,298
2026-02-10T11:16:19.749Z,Bb,ABCA,468,304
2026-02-10T11:16:21.623Z,F,ABAA,502,232
2026-02-10T11:16:23.425Z,C,AABA,494,222
2026-02-10T11:16:25.209Z,Bb,BBAA,483,220
2026-02-10T11:16:27.019Z,G,AABA,476,258
2026-02-10T11:16:28.847Z,Fmin,AABA,467,225
2026-02-10T11:16:30.696Z,F,AABA,480,269
2026-02-10T11:16:32.545Z,Emin,AABA,494,250
2026-02-10T11:16:34.371Z,Ab,AAB,472,212
2026-02-10T11:16:36.195Z,G,BBAA,481,203
2026-02-10T11:16:38.018Z,Eb,AB,460,239
2026-02-10T11:16:39.796Z,C,iiAABA,482,310
2026-02-10T11:16:41.614Z,F,ABAC,472,279
2026-02-10T11:16:43.445Z,Db,ABCB,467,435
2026-02-10T11:16:44.470Z,F,AABAA,486,209
2026-02-10T11:16:46.304Z,F,AABA,479,275
2026-02-10T11:16:48.171Z,G,iiA,471,189
2026-02-10T11:16:50.011Z,G,AABA,483,193
2026-02-10T11:16:51.842Z,C,AABA,519,248
2026-02-10T11:16:53.642Z,G,AABA,491,239
2026-02-10T11:16:55.494Z,Db,AABA,513,214
2026-02-10T11:16:57.297Z,A,ABB,495,279
2026-02-10T11:16:59.135Z,C,ABCD,486,452
2026-02-10T11:17:01.093Z,G,AABA,483,232
2026-02-10T11:17:02.937Z,G#min,ABAC,484,398
2026-02-10T11:17:04.790Z,G,AABA,469,222
2026-02-10T11:17:06.625Z,G,vvAABA,484,377
2026-02-10T11:17:08.434Z,Ab,AA,451,123
2026-02-10T11:17:10.280Z,G,AA,494,121
2026-02-10T11:17:12.109Z,F,A,501,149
2026-02-10T11:17:14.141Z,C,AABA,557,214
2026-02-10T11:17:16.187Z,Bb,AABA,506,255
2026-02-10T11:17:19.446Z,C,ABBCA,578,329
2026-02-10T11:17:21.671Z,C,AB,486,231
2026-02-10T11:17:23.529Z,C,AABCA,511,286
2026-02-10T11:17:25.397Z,Eb,AA,498,163
2026-02-10T11:17:27.250Z,F,AAB,501,211
2026-02-10T11:17:29.143Z,C,iiAAA,530,184
2026-02-10T11:17:31.031Z,C,ABAC,512,306
2026-02-10T11:17:32.958Z,Emin,AABA,511,193
2026-02-10T11:17:34.757Z,Eb,ABAA,485,216
2026-02-10T11:17:36.579Z,Emin,AABA,470,272
2026-02-10T11:17:38.386Z,C,AABAA,473,201
2026-02-10T11:17:40.237Z,Eb,AABAAA,482,232
2026-02-10T11:17:42.088Z,C,ABCD,482,397
2026-02-10T11:17:44.033Z,C,AABA,503,203
2026-02-10T11:17:45.820Z,Eb,AABA,475,270
2026-02-10T11:17:47.693Z,Eb,BACA,496,405
2026-02-10T11:17:49.534Z,F,BBAA,485,260
2026-02-10T11:17:51.350Z,F,A,465,115
2026-02-10T11:17:53.213Z,C,AABA,495,226
2026-02-10T11:17:54.106Z,C,AABA,461,256
2026-02-10T11:17:55.914Z,F,ABA,485,297
2026-02-10T11:17:58.308Z,C,AABAA,473,223
2026-02-10T11:18:00.108Z,F,AA,497,129
2026-02-10T11:18:02.419Z,Bb,A,479,194
2026-02-10T11:18:04.272Z,Bb,ABCA,500,375
2026-02-10T11:18:06.233Z,D,AB,495,212
2026-02-10T11:18:08.028Z,C,AABA,499,214
2026-02-10T11:18:09.844Z,Bbmin,AB,464,228
2026-02-10T11:18:11.635Z,Ab,AABA,484,271
2026-02-10T11:18:13.421Z,F,AABA,478,222
2026-02-10T11:18:15.260Z,Bb,AA,502,111
2026-02-10T11:18:17.107Z,Eb,ABACA,488,325
2026-02-10T11:18:18.911Z,Bb,ABA,488,215
2026-02-10T11:18:20.782Z,F,AABC,497,370
2026-02-10T11:18:21.746Z,Gmin,AB,472,269
2026-02-10T11:18:23.605Z,C,ABAC,488,285
2026-02-10T11:18:25.454Z,Eb,A,466,115
2026-02-10T11:18:27.266Z,C,AABA,504,211
2026-02-10T11:18:29.098Z,G,A,484,110
2026-02-10T11:18:30.925Z,Ab,AABA,468,211
2026-02-10T11:18:32.721Z,Eb,AABA,476,236
2026-02-10T11:18:35.667Z,Eb,AABA,470,227
2026-02-10T11:18:37.506Z,Cmin,AB,497,208
2026-02-10T11:18:39.343Z,F,AABA,482,215
2026-02-10T11:18:41.140Z,Eb,A,513,133
2026-02-10T11:18:42.916Z,Bb,AABA,501,309
2026-02-10T11:18:44.833Z,Cmin,AABA,496,241
2026-02-10T11:18:46.645Z,Ab,iiAABA,470,310
2026-02-10T11:18:48.555Z,Eb,AABA,464,199
2026-02-10T11:18:50.387Z,C,AAABAA,483,199
2026-02-10T11:18:52.263Z,Bb,AAB,517,248
2026-02-10T11:18:54.137Z,Eb,AABA,501,206
2026-02-10T11:18:55.986Z,F,AB,492,201
2026-02-10T11:18:57.660Z,G,AABA,469,268
2026-02-10T11:18:59.483Z,Emin,AAB,486,310
2026-02-10T11:19:01.356Z,Bb,ABAC,494,317
2026-02-10T11:19:03.269Z,Eb,AB,482,266
2026-02-10T11:19:05.226Z,Ab,AABA,512,269
2026-02-10T11:19:06.183Z,Bb,iiAAA,486,206
2026-02-10T11:19:07.940Z,F,A,473,143
2026-02-10T11:19:09.763Z,G,ABBAA,451,197
2026-02-10T11:19:11.580Z,C,AABA,496,344
2026-02-10T11:19:13.452Z,F,AAB,481,228
2026-02-10T11:19:15.338Z,Db,AABA,491,226
2026-02-10T11:19:17.212Z,Eb,BCA,506,360
2026-02-10T11:19:19.056Z,G,ABAC,478,339
2026-02-10T11:19:21.001Z,Cmin,AABA,523,212
2026-02-10T11:19:22.864Z,F,AB,503,202
2026-02-10T11:19:24.723Z,Bmin,AABA,491,176
2026-02-10T11:19:26.563Z,Eb,AABC,488,288
2026-02-10T11:19:28.867Z,Amin,AABA,469,257
2026-02-10T11:19:30.734Z,Bb,AABA,495,202
2026-02-10T11:19:32.515Z,F,A,476,137
2026-02-10T11:19:34.332Z,Ab,AA,491,163
2026-02-10T11:19:36.176Z,C,AABAA,497,193
2026-02-10T11:19:38.020Z,F,A,506,106
2026-02-10T11:19:39.830Z,F,AABA,493,189
2026-02-10T11:19:41.661Z,Eb,BACA,476,292
2026-02-10T11:19:43.507Z,F,ABCD,483,417
2026-02-10T11:19:45.375Z,Eb,iiAAB,483,268
2026-02-10T11:19:47.209Z,C,ABBA,464,212
2026-02-10T11:19:49.032Z,Ab,A,487,134
2026-02-10T11:19:50.803Z,Bb,AABA,469,298
2026-02-10T11:19:52.671Z,C,ABCA,483,270
2026-02-10T11:19:54.984Z,F,AABC,484,276
2026-02-10T11:19:56.901Z,Eb,AABA,574,262
2026-02-10T11:19:59.326Z,G,AABA,496,188
2026-02-10T11:20:01.179Z,Fmin,ABB,495,272
2026-02-10T11:20:03.035Z,Cmin,ABAC,501,339
2026-02-10T11:20:04.850Z,F,BACA,500,308
2026-02-10T11:20:06.687Z,Eb,AAA,471,159
2026-02-10T11:20:08.522Z,Eb,AABA,501,243
2026-02-10T11:20:10.357Z,Eb,iABCD,500,549
2026-02-10T11:20:12.292Z,Amin,AA,484,133
2026-02-10T11:20:14.121Z,C,AABA,484,202
2026-02-10T11:20:15.943Z,Ab,AABA,481,209
2026-02-10T11:20:17.774Z,C,ABAC,490,362
2026-02-10T11:20:19.649Z,Eb,A,487,113
2026-02-10T11:20:21.387Z,C,AABA,504,218
2026-02-10T11:20:23.252Z,Eb,ABC,498,349
2026-02-10T11:20:25.077Z,Eb,AABAA,451,251
2026-02-10T11:20:26.885Z,Bbmin,AA,478,116
2026-02-10T11:20:27.845Z,F,A,484,104
2026-02-10T11:20:29.723Z,F,AABA,523,308
2026-02-10T11:20:31.554Z,C,A,474,178
2026-02-10T11:20:33.361Z,G,AABA,485,238
2026-02-10T11:20:35.184Z,Amin,AA,484,119
2026-02-10T11:20:36.939Z,C,AABC,478,313
2026-02-10T11:20:38.776Z,Eb,ABB,460,232
2026-02-10T11:20:40.546Z,C,AABAA,484,197
2026-02-10T11:20:42.289Z,F,ABCB,475,335
2026-02-10T11:20:44.140Z,Cmin,AB,485,287
2026-02-10T11:20:45.997Z,Eb,AA,491,179
2026-02-10T11:20:47.896Z,Eb,A,520,132
2026-02-10T11:20:49.634Z,C,BBAA,486,183
2026-02-10T11:20:51.411Z,Fmin,AABA,496,287
2026-02-10T11:20:53.245Z,Bb,ABB,487,227
2026-02-10T11:20:55.061Z,C,ABA,468,225
2026-02-10T11:20:56.926Z,C,AABAA,510,288
2026-02-10T11:20:58.759Z,Ab,ABAC,466,356
2026-02-10T11:21:00.611Z,C,BA,478,221
2026-02-10T11:21:02.468Z,Bb,ABC,495,275
2026-02-10T11:21:04.415Z,Eb,ABAC,526,312
2026-02-10T11:21:06.282Z,Dmin,AABA,481,280
2026-02-10T11:21:08.154Z,F,AAB,498,204
2026-02-10T11:21:09.979Z,Bb,AABA,494,206
2026-02-10T11:21:11.797Z,Eb,iiAAAAAAABBCAAAA,495,395
2026-02-10T11:21:13.604Z,F,AABA,457,221
2026-02-10T11:21:15.445Z,C,AABA,483,251
2026-02-10T11:21:17.298Z,Eb,AABA,489,255
2026-02-10T11:21:19.143Z,G,A,484,106
2026-02-10T11:21:20.946Z,Eb,AABA,468,248
2026-02-10T11:21:22.813Z,Amin,AABA,505,233
2026-02-10T11:21:24.647Z,Eb,iAA,479,165
2026-02-10T11:21:26.551Z,G,AABCAA,488,302
2026-02-10T11:21:28.383Z,Bb,AB,464,205
2026-02-10T11:21:30.239Z,Ab,AAB,491,318
2026-02-10T11:21:32.096Z,G,A,490,128
2026-02-10T11:21:33.931Z,F,ABC,480,345
2026-02-10T11:21:35.789Z,F,A,487,149
2026-02-10T11:21:37.633Z,Emin,BBAA,493,240
2026-02-10T11:21:39.457Z,Cmin,AABA,465,267
2026-02-10T11:21:41.365Z,C,A,495,111
2026-02-10T11:21:43.156Z,F,ABAA,496,212
2026-02-10T11:21:45.009Z,Db,A,492,127
2026-02-10T11:21:46.846Z,Dmin,AABA,491,236
2026-02-10T11:21:48.681Z,F,AAB,493,225
2026-02-10T11:21:50.544Z,Eb,AABA,481,203
2026-02-10T11:21:52.333Z,Eb,AABA,461,240
2026-02-10T11:21:54.169Z,Eb,ABAC,472,310
2026-02-10T11:21:55.168Z,Eb,AABA,487,235
2026-02-10T11:21:56.939Z,Bb,AABA,461,214
2026-02-10T11:21:58.756Z,Bb,AB,489,215
2026-02-10T11:21:59.702Z,Bb,ABA,462,266
2026-02-10T11:22:01.542Z,Eb,ABAC,499,290
2026-02-10T11:22:03.410Z,F,BACA,493,290
2026-02-10T11:22:05.279Z,Eb,ABAC,498,349
2026-02-10T11:22:07.132Z,G,AABA,476,193
2026-02-10T11:22:08.905Z,G,A,455,110
2026-02-10T11:22:10.733Z,B,AA,465,128
2026-02-10T11:22:11.676Z,Eb,ABAC,471,321
2026-02-10T11:22:13.514Z,G,AB,482,256
2026-02-10T11:22:15.377Z,G,A,492,113
2026-02-10T11:22:17.183Z,Bb,AB,491,240
2026-02-10T11:22:19.027Z,F,ABAC,490,298
2026-02-10T11:22:20.911Z,Eb,ABB,489,217
2026-02-10T11:22:22.737Z,Eb,AABA,491,275
2026-02-10T11:22:24.564Z,C,AABA,476,267
2026-02-10T11:22:26.448Z,F,AABA,490,264
2026-02-10T11:22:28.251Z,F,iABA,464,367
2026-02-10T11:22:30.133Z,F,ABA,497,230
2026-02-10T11:22:31.979Z,G,AABA,505,310
2026-02-10T11:22:33.819Z,C,A,481,119
2026-02-10T11:22:35.649Z,C,AABA,486,228
2026-02-10T11:22:37.477Z,G,AABA,495,201
2026-02-10T11:22:39.303Z,F,A,464,111
2026-02-10T11:22:41.109Z,Db,AABA,476,234
2026-02-10T11:22:42.917Z,Bb,ABC,481,338
2026-02-10T11:22:43.945Z,Amin,AABAA,484,235
2026-02-10T11:22:45.765Z,G,AABA,499,254
2026-02-10T11:22:46.790Z,F,AABA,495,216
2026-02-10T11:22:48.561Z,Eb,AA,474,142
2026-02-10T11:22:50.386Z,G,AABA,491,232
2026-02-10T11:22:52.222Z,C,BCAAAAA,485,272
2026-02-10T11:22:54.007Z,Bb,ABAC,517,328
2026-02-10T11:22:55.942Z,C,AAB,490,226
2026-02-10T11:22:57.771Z,Dmin,ABBCA,490,303
2026-02-10T11:22:59.658Z,F,AABA,492,231
2026-02-10T11:23:00.625Z,E,A,490,131
2026-02-10T11:23:02.345Z,C,AABA,478,205
2026-02-10T11:23:03.303Z,Cmin,AABA,462,205
2026-02-10T11:23:05.111Z,Eb,AAB,488,235
2026-02-10T11:23:06.983Z,C,ABCB,505,281
2026-02-10T11:23:08.825Z,C,A,481,122
2026-02-10T11:23:10.558Z,F,BBAA,471,189
2026-02-10T11:23:12.371Z,Fmin,A,471,90
2026-02-10T11:23:14.227Z,C,AABC,511,321
2026-02-10T11:23:16.150Z,Ab,ABAC,503,397
2026-02-10T11:23:17.974Z,Db,A,486,167
2026-02-10T11:23:19.765Z,C,AABA,469,254
2026-02-10T11:23:21.637Z,F,BBA,506,263
2026-02-10T11:23:23.460Z,Eb,BBA,495,261
2026-02-10T11:23:25.267Z,Ab,AABA,482,207
2026-02-10T11:23:27.130Z,Dmin,ABC,488,287
2026-02-10T11:23:28.963Z,Eb,AABC,481,307
2026-02-10T11:23:30.699Z,Dmin,AB,467,245
2026-02-10T11:23:32.522Z,F,AABAA,476,267
2026-02-10T11:23:34.419Z,C,AABAA,488,165
2026-02-10T11:23:36.260Z,F,AB,497,190
2026-02-10T11:23:38.055Z,Bb,A,489,135
2026-02-10T11:23:39.899Z,G,AB,491,226
2026-02-10T11:23:41.763Z,Bb,AABAA,513,214
2026-02-10T11:23:43.587Z,Bb,A,459,125
2026-02-10T11:23:45.415Z,F,AABA,485,192
2026-02-10T11:23:47.260Z,C,AABAA,489,227
2026-02-10T11:23:49.089Z,Bb,ABvv,506,391
2026-02-10T11:23:50.929Z,G,AABA,475,238
2026-02-10T11:23:52.769Z,G,AABA,488,205
2026-02-10T11:23:54.661Z,Bb,AABC,533,279
2026-02-10T11:23:55.630Z,Bb,AABA,477,225
2026-02-10T11:23:57.483Z,Bb,ABAB,504,295
2026-02-10T11:23:59.323Z,F,AB,488,367
2026-02-10T11:24:01.229Z,Bb,A,490,120
2026-02-10T11:24:02.968Z,Cmin,ABAC,475,272
2026-02-10T11:24:04.797Z,Amin,ABAC,468,378
2026-02-10T11:24:06.597Z,F,ABC,468,333
2026-02-10T11:24:08.510Z,G,A,486,81
2026-02-10T11:24:10.272Z,F,BA,484,204
2026-02-10T11:24:12.099Z,G,AAB,473,217
2026-02-10T11:24:13.848Z,Ab,A,462,171
2026-02-10T11:24:15.689Z,F,BBAA,489,280
2026-02-10T11:24:17.524Z,Eb,BBAA,480,331
2026-02-10T11:24:19.366Z,F,ABAC,475,287
2026-02-10T11:24:21.212Z,Bb,AABA,493,237
2026-02-10T11:24:23.070Z,Bb,AA,488,157
2026-02-10T11:24:24.929Z,G,AABC,500,273
2026-02-10T11:24:26.801Z,F,ABCD,498,414
2026-02-10T11:24:28.714Z,Eb,AAB,515,249
2026-02-10T11:24:30.551Z,Eb,AAA,475,130
2026-02-10T11:24:32.346Z,Bb,ABA,497,205
2026-02-10T11:24:34.186Z,Bb,AB,459,204
2026-02-10T11:24:36.060Z,Db,AA,492,139
2026-02-10T11:24:37.816Z,G,AA,494,135
2026-02-10T11:24:39.651Z,F,AABA,491,282
2026-02-10T11:24:41.533Z,C,AABA,513,250
2026-02-10T11:24:43.356Z,C,ABA,481,238
2026-02-10T11:24:45.172Z,Bb,AABC,474,293
2026-02-10T11:24:47.038Z,Eb,ABCD,500,400
2026-02-10T11:24:48.879Z,C,AABA,493,216
2026-02-10T11:24:50.769Z,Db,A,512,129
2026-02-10T11:24:52.582Z,Bb,AABC,479,306
2026-02-10T11:24:54.432Z,G,AB,465,218
2026-02-10T11:24:56.289Z,Fmin,iiAABAA,481,379
2026-02-10T11:24:57.303Z,Bb,AABA,506,223
2026-02-10T11:24:59.098Z,G,AB,484,228
2026-02-10T11:25:00.959Z,Ab,AABA,485,267
2026-02-10T11:25:02.923Z,D,AABA,480,196
2026-02-10T11:25:04.733Z,Dmin,ABAC,478,311
2026-02-10T11:25:06.614Z,C,iiAABA,495,322
2026-02-10T11:25:08.481Z,C,AABA,498,199
2026-02-10T11:25:10.317Z,Eb,AB,498,231
2026-02-10T11:25:12.179Z,F,A,506,209
2026-02-10T11:25:14.041Z,Ab,AB,497,272
2026-02-10T11:25:15.874Z,Eb,AABA,487,274
2026-02-10T11:25:17.614Z,F,ABA,481,230
2026-02-10T11:25:19.504Z,Amin,AABA,503,203
2026-02-10T11:25:21.312Z,Bb,BA,468,219
2026-02-10T11:25:23.147Z,C,AAA,485,138
2026-02-10T11:25:24.967Z,Ab,AABA,493,249
2026-02-10T11:25:26.809Z,F,ABAC,496,323
2026-02-10T11:25:28.688Z,D,AABA,502,301
2026-02-10T11:25:30.525Z,Fmin,ABAA,479,200
2026-02-10T11:25:32.414Z,C,AB,495,254
2026-02-10T11:25:34.214Z,C,A,478,159
2026-02-10T11:25:35.966Z,G,AABA,474,237
2026-02-10T11:25:37.780Z,Gmin,AAB,474,285
2026-02-10T11:25:39.720Z,F,AA,502,105
2026-02-10T11:25:41.544Z,Eb,AB,494,232
2026-02-10T11:25:43.339Z,Eb,AB,475,213
2026-02-10T11:25:45.270Z,Fmin,AABA,513,303
2026-02-10T11:25:47.127Z,Eb,ABAC,489,365
2026-02-10T11:25:48.973Z,Eb,ABCDA,468,439
2026-02-10T11:25:50.926Z,Gmin,ABAC,481,274
2026-02-10T11:25:52.724Z,Fmin,AABA,478,231
2026-02-10T11:25:54.563Z,F,AAB,479,290
2026-02-10T11:25:56.411Z,C,AABAB,466,210
2026-02-10T11:25:58.195Z,Fmin,BBAA,466,266
2026-02-10T11:26:00.012Z,Db,AAB,492,268
2026-02-10T11:26:01.888Z,Bb,ABAC,503,310
2026-02-10T11:26:03.847Z,Eb,AABA,488,264
2026-02-10T11:26:05.744Z,Dmin,AABA,465,257
2026-02-10T11:26:06.716Z,C,ABAC,487,355
2026-02-10T11:26:08.569Z,Eb,AAB,507,274
2026-02-10T11:26:10.414Z,G,AB,489,211
2026-02-10T11:26:12.219Z,C,ABAC,498,339
2026-02-10T11:26:14.063Z,Bb,AABCA,485,325
2026-02-10T11:26:15.915Z,Eb,iABCA,482,434
2026-02-10T11:26:17.777Z,F,AABA,468,286
2026-02-10T11:26:19.656Z,F,AABA,489,245
2026-02-10T11:26:21.550Z,F,AABA,506,189
2026-02-10T11:26:23.396Z,C,A,508,150
2026-02-10T11:26:25.217Z,F,AA,466,161
2026-02-10T11:26:27.040Z,F,AABA,485,241
2026-02-10T11:26:28.868Z,C,AABA,464,264
2026-02-10T11:26:30.733Z,Ab,AABA,500,232
2026-02-10T11:26:32.510Z,Fmin,AABAA,458,242
2026-02-10T11:26:34.363Z,Gmin,ABAC,485,250
2026-02-10T11:26:36.183Z,Fmin,AB,491,229
2026-02-10T11:26:38.026Z,Dmin,BBAA,481,220
2026-02-10T11:26:39.821Z,Bb,vAABA,473,404
2026-02-10T11:26:41.763Z,C,AB,474,249
2026-02-10T11:26:43.668Z,C,ABAC,506,257
2026-02-10T11:26:45.506Z,F,A,490,127
2026-02-10T11:26:47.345Z,C,ABAC,499,294
2026-02-10T11:26:49.211Z,F,A,495,109
2026-02-10T11:26:51.071Z,C,A,496,150
2026-02-10T11:26:52.910Z,C,A,467,133
2026-02-10T11:26:54.744Z,C,ABAC,504,370
2026-02-10T11:26:56.617Z,C,ABC,490,339
2026-02-10T11:26:58.460Z,C,ABAC,490,421
2026-02-10T11:27:00.336Z,Eb,ABAC,488,399
2026-02-10T11:27:02.215Z,C,A,490,103
2026-02-10T11:27:03.975Z,G,A,488,130
2026-02-10T11:27:05.803Z,G,AABC,497,324
2026-02-10T11:27:07.654Z,C,AABC,489,318
2026-02-10T11:27:09.541Z,F,AABC,465,335
2026-02-10T11:27:11.403Z,Amin,ABAC,499,327
2026-02-10T11:27:13.299Z,Eb,BBAA,506,286
2026-02-10T11:27:15.207Z,C,ABAC,491,325
2026-02-10T11:27:17.045Z,E,AABA,456,212
2026-02-10T11:27:18.869Z,F,AB,489,196
2026-02-10T11:27:20.728Z,C,AABAA,468,204
2026-02-10T11:27:22.586Z,F,AABC,514,320
2026-02-10T11:27:24.464Z,Amin,ABAC,481,293
2026-02-10T11:27:26.297Z,F,A,488,150
2026-02-10T11:27:28.152Z,Bb,AABCAAA,482,317
2026-02-10T11:27:29.987Z,Eb,ABAC,467,304
2026-02-10T11:27:31.854Z,F,ABCD,515,365
2026-02-10T11:27:33.684Z,G,ABAC,454,372
2026-02-10T11:27:35.613Z,Cmin,AABA,514,270
2026-02-10T11:27:37.440Z,Eb,ABAC,481,340
2026-02-10T11:27:39.307Z,Bmin,AABBAA,478,339
2026-02-10T11:27:41.179Z,G,ABAC,486,334
2026-02-10T11:27:43.055Z,F,BBAA,495,198
2026-02-10T11:27:44.886Z,C,AB,465,278
2026-02-10T11:27:46.722Z,Eb,AABAA,501,254
2026-02-10T11:27:48.621Z,G,iiAB,514,290
2026-02-10T11:27:50.427Z,Eb,AABA,479,217
2026-02-10T11:27:52.267Z,Gmin,AABA,496,279
2026-02-10T11:27:54.065Z,Amin,A,468,148
2026-02-10T11:27:55.928Z,C,AA,512,140
2026-02-10T11:27:57.757Z,F,ABCAA,507,288
2026-02-10T11:27:59.617Z,A,AABA,470,346
2026-02-10T11:28:01.431Z,F,AA,464,175
2026-02-10T11:28:03.290Z,C,ABA,499,277
2026-02-10T11:28:05.023Z,C,ABBAA,396,249
2026-02-10T11:28:06.819Z,Cmin,AABAA,420,311
2026-02-10T11:28:08.875Z,G,AABA,542,229
2026-02-10T11:28:09.760Z,Ab,AABAA,429,247
2026-02-10T11:28:11.355Z,C,A,424,110
2026-02-10T11:28:12.831Z,Ab,AABA,370,244
2026-02-10T11:28:14.318Z,G,ABBAC,391,311
2026-02-10T11:28:15.852Z,F,AAA,400,111
2026-02-10T11:28:17.365Z,F,A,385,93
2026-02-10T11:28:18.889Z,D,ABB,451,223
2026-02-10T11:28:20.446Z,Eb,ABAC,420,338
2026-02-10T11:28:22.039Z,F,AABC,387,323
2026-02-10T11:28:23.569Z,Eb,AABA,412,242
2026-02-10T11:28:24.355Z,C,BBA,394,251
2026-02-10T11:28:25.849Z,Bbmin,AABAA,386,232
2026-02-10T11:28:27.323Z,G,A,370,103
2026-02-10T11:28:28.781Z,F,ABAC,375,398
2026-02-10T11:28:30.348Z,Cmin,AB,405,223
2026-02-10T11:28:31.838Z,F,AABA,386,191
2026-02-10T11:28:33.694Z,F,AABA,398,210
2026-02-10T11:28:35.286Z,Bb,AABA,448,232
2026-02-10T11:28:36.113Z,Cmin,ABC,386,322
2026-02-10T11:28:37.662Z,Eb,AA,372,134
2026-02-10T11:28:39.131Z,D,ABAB,387,191
2026-02-10T11:28:40.633Z,Bb,AAA,387,112
2026-02-10T11:28:41.425Z,C,AABA,418,205
2026-02-10T11:28:43.006Z,C,AABA,432,192
2026-02-10T11:28:44.722Z,Ab,AA,480,126
2026-02-10T11:28:46.568Z,Eb,A,494,126
2026-02-10T11:28:48.444Z,Ab,ABAC,484,320
2026-02-10T11:28:50.376Z,Bb,AABA,479,276
2026-02-10T11:28:52.245Z,Eb,AA,478,136
2026-02-10T11:28:53.777Z,F,AABA,401,195
2026-02-10T11:28:55.297Z,Ab,AABA,419,214
2026-02-10T11:28:56.818Z,F,AABA,391,254
2026-02-10T11:28:58.302Z,Amin,ABAC,352,325
2026-02-10T11:28:59.841Z,G#min,BBAA,394,312
2026-02-10T11:29:01.358Z,E,ABAC,387,320
2026-02-10T11:29:02.601Z,Eb,AABA,411,218
2026-02-10T11:29:04.127Z,Gmin,AABA,388,265
2026-02-10T11:29:05.667Z,Bb,iiAA,394,233
2026-02-10T11:29:07.228Z,Eb,ABAC,399,385
2026-02-10T11:29:08.735Z,Db,AB,384,220
2026-02-10T11:29:10.222Z,Bb,ABA,404,217
2026-02-10T11:29:11.740Z,G#min,A,401,133
2026-02-10T11:29:13.317Z,B,A,396,127
2026-02-10T11:29:14.105Z,Bb,iAAAA,404,194
2026-02-10T11:29:15.607Z,Eb,AABA,407,213
2026-02-10T11:29:17.136Z,F,AB,416,216
2026-02-10T11:29:18.671Z,G#min,AABA,385,215
2026-02-10T11:29:20.216Z,F,ABAC,420,365
2026-02-10T11:29:21.792Z,G,AABA,391,203
2026-02-10T11:29:23.296Z,G,AB,386,177
2026-02-10T11:29:25.218Z,Fmin,AABA,405,263
2026-02-10T11:29:26.776Z,Dmin,iAABA,399,288
2026-02-10T11:29:28.412Z,C,AAB,442,182
2026-02-10T11:29:29.910Z,Eb,AABA,400,217
2026-02-10T11:29:31.441Z,Eb,AABA,389,209
2026-02-10T11:29:32.958Z,F,AB,389,262
2026-02-10T11:29:34.496Z,F,AAB,401,205
2026-02-10T11:29:36.024Z,Bb,ABAC,390,297
2026-02-10T11:29:37.638Z,F,ABC,395,360
2026-02-10T11:29:39.250Z,Bb,AA,401,114
2026-02-10T11:29:40.794Z,F,AABA,412,269
2026-02-10T11:29:42.351Z,F,AAAB,384,209
2026-02-10T11:29:43.865Z,Cmin,AA,392,147
2026-02-10T11:29:45.378Z,Eb,A,399,144
2026-02-10T11:29:46.976Z,F,BACA,410,290
2026-02-10T11:29:48.571Z,Eb,AABA,403,195
2026-02-10T11:29:50.147Z,C,AABA,390,203
2026-02-10T11:29:51.827Z,Bb,ABA,385,224
2026-02-10T11:29:53.426Z,Ab,A,394,138
2026-02-10T11:29:54.957Z,Eb,AABA,403,191
2026-02-10T11:29:56.486Z,C,A,422,146
2026-02-10T11:29:57.269Z,Eb,AABA,406,222
2026-02-10T11:29:58.900Z,F,AABC,388,316
2026-02-10T11:30:00.507Z,Bb,iAABA,397,329
2026-02-10T11:30:02.138Z,Bb,AB,411,197
2026-02-10T11:30:03.711Z,Bbmin,AABA,407,203
2026-02-10T11:30:05.252Z,C,AABBAA,385,254
2026-02-10T11:30:06.746Z,C,A,416,142
2026-02-10T11:30:08.261Z,Eb,A,386,132
2026-02-10T11:30:09.804Z,Amin,ABAB,403,255
2026-02-10T11:30:11.296Z,Eb,ABAC,394,364
2026-02-10T11:30:12.925Z,Eb,A,408,118
2026-02-10T11:30:14.422Z,F,AABA,399,338
2026-02-10T11:30:16.088Z,Eb,AABA,415,303
2026-02-10T11:30:17.723Z,Ab,ABAC,405,313
2026-02-10T11:30:19.341Z,F,ABA,410,212
2026-02-10T11:30:21.348Z,Eb,A,443,154
2026-02-10T11:30:22.897Z,C,AABA,384,190
2026-02-10T11:30:24.412Z,C,AB,378,277
2026-02-10T11:30:26.028Z,C,A,427,137
2026-02-10T11:30:27.603Z,Fmin,ABAC,406,363
2026-02-10T11:30:29.117Z,C,ABA,403,212
2026-02-10T11:30:30.709Z,G,AABA,402,219
2026-02-10T11:30:32.262Z,F,A,403,114
2026-02-10T11:30:33.769Z,F,ABAC,420,453
2026-02-10T11:30:35.405Z,G,AAA,410,137
2026-02-10T11:30:36.874Z,Dmin,ABC,404,386
2026-02-10T11:30:38.519Z,Bb,A,449,122
2026-02-10T11:30:40.085Z,G,AABA,409,255
2026-02-10T11:30:41.688Z,Bbmin,iiAB,402,335
2026-02-10T11:30:43.311Z,Ab,AB,409,274
2026-02-10T11:30:44.898Z,Ab,ABCD,405,475
2026-02-10T11:30:46.581Z,C,iiA,428,162
2026-02-10T11:30:48.093Z,Bb,ABAi,393,241
2026-02-10T11:30:49.622Z,C,AABA,399,215
2026-02-10T11:30:51.199Z,Dmin,AABA,422,242
2026-02-10T11:30:52.776Z,Ebmin,AA,378,161
2026-02-10T11:30:54.665Z,Ebmin,AABA,403,263
2026-02-10T11:30:56.191Z,Eb,ABA,401,254
2026-02-10T11:30:57.783Z,C,ABCD,398,330
2026-02-10T11:30:58.619Z,F,ABAC,406,278
2026-02-10T11:31:00.154Z,Cmin,AABA,396,220
2026-02-10T11:31:02.117Z,Eb,ABAC,395,292
2026-02-10T11:31:03.694Z,Eb,AABA,410,230
2026-02-10T11:31:05.247Z,Ab,ABAi,397,232
2026-02-10T11:31:06.822Z,Eb,BAA,398,169
2026-02-10T11:31:08.421Z,F,ABCD,406,414
2026-02-10T11:31:10.041Z,F,AABAA,398,241
2026-02-10T11:31:11.574Z,C,AABC,400,346
2026-02-10T11:31:13.171Z,Cmin,ABC,382,395
2026-02-10T11:31:14.788Z,Ab,BACA,410,318
2026-02-10T11:31:15.630Z,F,ABAC,406,282
2026-02-10T11:31:17.174Z,Bb,ABC,408,332
2026-02-10T11:31:18.740Z,C,ABCD,418,493
2026-02-10T11:31:20.353Z,Eb,A,379,126
2026-02-10T11:31:21.887Z,C,AABA,403,217
2026-02-10T11:31:23.535Z,F,A,395,124
2026-02-10T11:31:25.076Z,Bb,A,398,128
2026-02-10T11:31:26.592Z,F,ABAC,400,329
2026-02-10T11:31:28.210Z,Eb,A,389,140
2026-02-10T11:31:30.157Z,G,AB,412,268
2026-02-10T11:31:31.734Z,Eb,AABA,401,258
2026-02-10T11:31:33.267Z,Dmin,AA,387,166
2026-02-10T11:31:34.780Z,Bb,AABA,394,274
2026-02-10T11:31:36.357Z,Eb,A,405,126
2026-02-10T11:31:37.946Z,A,AAAB,420,193
2026-02-10T11:31:39.480Z,Bb,A,398,132
2026-02-10T11:31:40.886Z,D,BACA,385,377
2026-02-10T11:31:42.505Z,Ab,AABA,385,162
2026-02-10T11:31:44.049Z,G,AABA,399,193
2026-02-10T11:31:45.570Z,Bb,AABA,407,258
2026-02-10T11:31:47.154Z,A,A,391,121
2026-02-10T11:31:48.669Z,C,ABAC,405,395
2026-02-10T11:31:50.280Z,F,AAB,401,249
2026-02-10T11:31:51.848Z,Gmin,AABA,405,331
2026-02-10T11:31:53.443Z,F,BBCA,400,263
2026-02-10T11:31:55.071Z,F,AAAA,426,115
2026-02-10T11:31:56.618Z,Bb,AABA,400,248
2026-02-10T11:31:58.160Z,Eb,A,389,147
2026-02-10T11:31:59.726Z,Dmin,iiABB,416,341
2026-02-10T11:32:01.253Z,Ab,AABAA,387,260
2026-02-10T11:32:02.790Z,Bb,AB,399,213
2026-02-10T11:32:04.319Z,F,AA,392,114
2026-02-10T11:32:05.846Z,Bb,ABCA,389,293
2026-02-10T11:32:07.410Z,G,A,391,110
2026-02-10T11:32:08.940Z,Ab,AAA,392,151
2026-02-10T11:32:10.469Z,Eb,AABA,375,282
2026-02-10T11:32:12.024Z,F,AAB,404,225
2026-02-10T11:32:13.629Z,Dmin,ABA,395,230
2026-02-10T11:32:15.178Z,Bb,BBAA,405,226
2026-02-10T11:32:16.706Z,F,AA,400,140
2026-02-10T11:32:18.205Z,Bmin,ABAA,387,229
2026-02-10T11:32:19.745Z,Eb,AAB,388,238
2026-02-10T11:32:21.302Z,C,AABA,411,198
2026-02-10T11:32:22.873Z,F,AABA,395,238
2026-02-10T11:32:24.418Z,D,AABA,400,187
2026-02-10T11:32:25.911Z,Bb,AA,390,170
2026-02-10T11:32:27.429Z,C,AB,392,278
2026-02-10T11:32:28.945Z,C,AABA,382,190
2026-02-10T11:32:30.536Z,C,AABA,444,241
2026-02-10T11:32:32.129Z,Bb,ABAC,417,387
2026-02-10T11:32:33.788Z,A,AABA,411,255
2026-02-10T11:32:34.596Z,C,AABA,402,220
2026-02-10T11:32:36.148Z,C,AABA,416,325
2026-02-10T11:32:37.712Z,Cmin,AABA,413,249
2026-02-10T11:32:39.288Z,B,AABA,395,203
2026-02-10T11:32:40.110Z,Bb,ABB,413,240
2026-02-10T11:32:41.661Z,F,AABA,408,224
2026-02-10T11:32:43.197Z,F,ABAC,391,332
2026-02-10T11:32:44.776Z,G,AABA,381,209
2026-02-10T11:35:18.835Z,Eb,AABA,433,247
2026-02-10T11:36:02.970Z,C,A,520,110
2026-02-10T11:36:34.153Z,Dmin,BBAA,417,194
2026-02-10T11:36:37.455Z,F,AB,419,229
2026-02-10T11:36:54.029Z,Eb,AABA,430,187
2026-02-10T11:56:08.060Z,Bb,AABA,430,233
2026-02-10T11:56:21.772Z,Eb,ABAC,415,335
2026-02-10T11:56:23.274Z,F,AABA,458,256
2026-02-10T12:48:33.655Z,C,AAA,426,110
2026-02-10T12:48:35.238Z,Bb,AABA,425,227
2026-02-10T12:48:51.373Z,Db,AB,517,212
2026-02-10T13:02:04.116Z,Cmin,AAB,718,263
2026-02-10T13:02:17.167Z,F,AABA,690,221
2026-02-10T13:02:45.799Z,F,ABCA,838,264
2026-02-10T13:02:48.742Z,G,AABA,785,265
2026-02-10T13:03:17.743Z,Bb,AABA,792,268
2026-02-10T13:03:20.621Z,Dmin,AB,851,220
2026-02-10T13:04:20.706Z,Eb,AABC,1084,404
